ID	TF	Raw files	Peaks	QC.estFragLen	QC.FRiP_MACS2-NOMODEL	QC.FRiP_MACS2-PEMODE	QC.FRiP_SISSRS	QC.NRF	QC.NSC	QC.PBC1	QC.PBC2	QC.RSC	peak_count_macs2_nomodel	peak_count_macs2_pemode	align_count	align_percent
EXP990000	AKAP8L	/home_local/mihaialbu/Codebook/ChIPSeq_1/RawData/Plate_2_D8_S156_R1_001.fastq.gz;/home_local/mihaialbu/Codebook/ChIPSeq_1/RawData/Plate_2_D8_S156_R2_001.fastq.gz	/home_local/ivanyev/egrid/dfs/ctrl-subsampled0.1/peaks-interval/macs2-nomodel/PEAKS990000.interval;/home_local/ivanyev/egrid/dfs/ctrl-subsampled0.1/peaks-interval/gem/PEAKS990000.interval;/home_local/ivanyev/egrid/dfs/ctrl-subsampled0.1/peaks-interval/sissrs/PEAKS990000.interval;/home_local/ivanyev/egrid/dfs/ctrl-subsampled0.1/peaks-interval/cpics/PEAKS990000.interval;/home_local/ivanyev/egrid/dfs/ctrl-subsampled0.1/peaks-interval/macs2-pemode/PEAKS990000.interval	165	0,00097	0,00100	0,00000	0,996788	1,009267	0,997255	387,013445	2,023599	25	61	55 314 150	90,0
EXP990001	AKAP8L	/home_local/mihaialbu/Codebook/ChIPSeq_1/RawData/Plate_2_B8_S154_R1_001.fastq.gz;/home_local/mihaialbu/Codebook/ChIPSeq_1/RawData/Plate_2_B8_S154_R2_001.fastq.gz	/home_local/ivanyev/egrid/dfs/ctrl-subsampled0.1/peaks-interval/macs2-nomodel/PEAKS990001.interval;/home_local/ivanyev/egrid/dfs/ctrl-subsampled0.1/peaks-interval/gem/PEAKS990001.interval;/home_local/ivanyev/egrid/dfs/ctrl-subsampled0.1/peaks-interval/sissrs/PEAKS990001.interval;/home_local/ivanyev/egrid/dfs/ctrl-subsampled0.1/peaks-interval/cpics/PEAKS990001.interval;/home_local/ivanyev/egrid/dfs/ctrl-subsampled0.1/peaks-interval/macs2-pemode/PEAKS990001.interval	170	0,00186	0,00057	0,00001	0,997835	1,008926	0,998139	575,852881	2,02912	35	31	33 033 138	90,2
EXP990002	GLYR1	/home_local/mihaialbu/Codebook/ChIPSeq_1/RawData/Plate_2_C5_S131_R1_001.fastq.gz;/home_local/mihaialbu/Codebook/ChIPSeq_1/RawData/Plate_2_C5_S131_R2_001.fastq.gz	/home_local/ivanyev/egrid/dfs/ctrl-subsampled0.1/peaks-interval/macs2-nomodel/PEAKS990002.interval;/home_local/ivanyev/egrid/dfs/ctrl-subsampled0.1/peaks-interval/gem/PEAKS990002.interval;/home_local/ivanyev/egrid/dfs/ctrl-subsampled0.1/peaks-interval/sissrs/PEAKS990002.interval;/home_local/ivanyev/egrid/dfs/ctrl-subsampled0.1/peaks-interval/cpics/PEAKS990002.interval;/home_local/ivanyev/egrid/dfs/ctrl-subsampled0.1/peaks-interval/macs2-pemode/PEAKS990002.interval	140	0,56396	0,57193	0,07850	0,947889	1,050292	0,950656	21,40661	2,088436	86474	55010	103 172 544	90,8
EXP990003	GLYR1	/home_local/mihaialbu/Codebook/ChIPSeq_1/RawData/Plate_1_B5_S34_R1_001.fastq.gz;/home_local/mihaialbu/Codebook/ChIPSeq_1/RawData/Plate_1_B5_S34_R2_001.fastq.gz	/home_local/ivanyev/egrid/dfs/ctrl-subsampled0.1/peaks-interval/macs2-nomodel/PEAKS990003.interval;/home_local/ivanyev/egrid/dfs/ctrl-subsampled0.1/peaks-interval/gem/PEAKS990003.interval;/home_local/ivanyev/egrid/dfs/ctrl-subsampled0.1/peaks-interval/sissrs/PEAKS990003.interval;/home_local/ivanyev/egrid/dfs/ctrl-subsampled0.1/peaks-interval/cpics/PEAKS990003.interval;/home_local/ivanyev/egrid/dfs/ctrl-subsampled0.1/peaks-interval/macs2-pemode/PEAKS990003.interval	155	0,55044	0,56409	0,19175	0,970049	1,037019	0,970811	35,129095	1,486895	79337	54783	55 665 594	93,7
EXP990004	GLYR1	/home_local/mihaialbu/Codebook/ChIPSeq_1/RawData/Plate_2_G12_S191_R1_001.fastq.gz;/home_local/mihaialbu/Codebook/ChIPSeq_1/RawData/Plate_2_G12_S191_R2_001.fastq.gz	/home_local/ivanyev/egrid/dfs/ctrl-subsampled0.1/peaks-interval/macs2-nomodel/PEAKS990004.interval;/home_local/ivanyev/egrid/dfs/ctrl-subsampled0.1/peaks-interval/gem/PEAKS990004.interval;/home_local/ivanyev/egrid/dfs/ctrl-subsampled0.1/peaks-interval/sissrs/PEAKS990004.interval;/home_local/ivanyev/egrid/dfs/ctrl-subsampled0.1/peaks-interval/cpics/PEAKS990004.interval;/home_local/ivanyev/egrid/dfs/ctrl-subsampled0.1/peaks-interval/macs2-pemode/PEAKS990004.interval	160	0,39691	0,43056	0,17155	0,997155	1,070069	0,997166	354,257563	2,172173	77830	64549	4 559 536	89,0
EXP990005	NACC2	/home_local/mihaialbu/Codebook/ChIPSeq_1/RawData/Plate_2_F1_S102_R1_001.fastq.gz;/home_local/mihaialbu/Codebook/ChIPSeq_1/RawData/Plate_2_F1_S102_R2_001.fastq.gz	/home_local/ivanyev/egrid/dfs/ctrl-subsampled0.1/peaks-interval/macs2-nomodel/PEAKS990005.interval;/home_local/ivanyev/egrid/dfs/ctrl-subsampled0.1/peaks-interval/gem/PEAKS990005.interval;/home_local/ivanyev/egrid/dfs/ctrl-subsampled0.1/peaks-interval/sissrs/PEAKS990005.interval;/home_local/ivanyev/egrid/dfs/ctrl-subsampled0.1/peaks-interval/cpics/PEAKS990005.interval;/home_local/ivanyev/egrid/dfs/ctrl-subsampled0.1/peaks-interval/macs2-pemode/PEAKS990005.interval	150	0,00329	0,00333	0,00213	0,997427	1,015002	0,997713	460,461421	1,566309	1099	1245	65 526 068	90,2
EXP990006	NACC2	/home_local/mihaialbu/Codebook/ChIPSeq_1/RawData/Plate_2_B10_S170_R1_001.fastq.gz;/home_local/mihaialbu/Codebook/ChIPSeq_1/RawData/Plate_2_B10_S170_R2_001.fastq.gz	/home_local/ivanyev/egrid/dfs/ctrl-subsampled0.1/peaks-interval/macs2-nomodel/PEAKS990006.interval;/home_local/ivanyev/egrid/dfs/ctrl-subsampled0.1/peaks-interval/gem/PEAKS990006.interval;/home_local/ivanyev/egrid/dfs/ctrl-subsampled0.1/peaks-interval/sissrs/PEAKS990006.interval;/home_local/ivanyev/egrid/dfs/ctrl-subsampled0.1/peaks-interval/cpics/PEAKS990006.interval;/home_local/ivanyev/egrid/dfs/ctrl-subsampled0.1/peaks-interval/macs2-pemode/PEAKS990006.interval	165	0,02761	0,03027	0,01497	0,996413	1,048169	0,996567	301,610768	1,35364	13996	16027	44 332 052	90,7
EXP990007	NACC2	/home_local/mihaialbu/Codebook/ChIPSeq_1/RawData/Plate_2_B12_S186_R1_001.fastq.gz;/home_local/mihaialbu/Codebook/ChIPSeq_1/RawData/Plate_2_B12_S186_R2_001.fastq.gz	/home_local/ivanyev/egrid/dfs/ctrl-subsampled0.1/peaks-interval/macs2-nomodel/PEAKS990007.interval;/home_local/ivanyev/egrid/dfs/ctrl-subsampled0.1/peaks-interval/gem/PEAKS990007.interval;/home_local/ivanyev/egrid/dfs/ctrl-subsampled0.1/peaks-interval/sissrs/PEAKS990007.interval;/home_local/ivanyev/egrid/dfs/ctrl-subsampled0.1/peaks-interval/cpics/PEAKS990007.interval;/home_local/ivanyev/egrid/dfs/ctrl-subsampled0.1/peaks-interval/macs2-pemode/PEAKS990007.interval	165	0,00356	0,00379	0,00221	0,997364	1,013881	0,997701	458,245924	1,64575	1286	1423	49 077 816	90,3
EXP990008	PHF21A	/home_local/mihaialbu/Codebook/ChIPSeq_1/RawData/Plate_2_C8_S155_R1_001.fastq.gz;/home_local/mihaialbu/Codebook/ChIPSeq_1/RawData/Plate_2_C8_S155_R2_001.fastq.gz	/home_local/ivanyev/egrid/dfs/ctrl-subsampled0.1/peaks-interval/macs2-nomodel/PEAKS990008.interval;/home_local/ivanyev/egrid/dfs/ctrl-subsampled0.1/peaks-interval/gem/PEAKS990008.interval;/home_local/ivanyev/egrid/dfs/ctrl-subsampled0.1/peaks-interval/sissrs/PEAKS990008.interval;/home_local/ivanyev/egrid/dfs/ctrl-subsampled0.1/peaks-interval/cpics/PEAKS990008.interval;/home_local/ivanyev/egrid/dfs/ctrl-subsampled0.1/peaks-interval/macs2-pemode/PEAKS990008.interval	155	0,00067	0,00050	0,00109	0,999684	1,211113	0,999694	3392,154412	1,92097	7	12	1 243 382	86,3
EXP990009	PHF21A	/home_local/mihaialbu/Codebook/ChIPSeq_1/RawData/Plate_2_D4_S124_R1_001.fastq.gz;/home_local/mihaialbu/Codebook/ChIPSeq_1/RawData/Plate_2_D4_S124_R2_001.fastq.gz	/home_local/ivanyev/egrid/dfs/ctrl-subsampled0.1/peaks-interval/macs2-nomodel/PEAKS990009.interval;/home_local/ivanyev/egrid/dfs/ctrl-subsampled0.1/peaks-interval/gem/PEAKS990009.interval;/home_local/ivanyev/egrid/dfs/ctrl-subsampled0.1/peaks-interval/sissrs/PEAKS990009.interval;/home_local/ivanyev/egrid/dfs/ctrl-subsampled0.1/peaks-interval/cpics/PEAKS990009.interval;/home_local/ivanyev/egrid/dfs/ctrl-subsampled0.1/peaks-interval/macs2-pemode/PEAKS990009.interval	150	0,25445	0,25680	0,14416	0,967882	2,050706	0,974768	48,301074	1,417268	60581	54652	39 270 172	91,9
EXP990010	SP140L	/home_local/mihaialbu/Codebook/ChIPSeq_1/RawData/Plate_1_D1_S4_R1_001.fastq.gz;/home_local/mihaialbu/Codebook/ChIPSeq_1/RawData/Plate_1_D1_S4_R2_001.fastq.gz	/home_local/ivanyev/egrid/dfs/ctrl-subsampled0.1/peaks-interval/macs2-nomodel/PEAKS990010.interval;/home_local/ivanyev/egrid/dfs/ctrl-subsampled0.1/peaks-interval/gem/PEAKS990010.interval;/home_local/ivanyev/egrid/dfs/ctrl-subsampled0.1/peaks-interval/sissrs/PEAKS990010.interval;/home_local/ivanyev/egrid/dfs/ctrl-subsampled0.1/peaks-interval/cpics/PEAKS990010.interval;/home_local/ivanyev/egrid/dfs/ctrl-subsampled0.1/peaks-interval/macs2-pemode/PEAKS990010.interval	165	0,20951	0,24301	0,05317	0,987488	1,078241	0,992807	160,086112	1,491082	146333	147456	46 479 516	83,1
EXP990011	SP140L	/home_local/mihaialbu/Codebook/ChIPSeq_1/RawData/Plate_1_D5_S36_R1_001.fastq.gz;/home_local/mihaialbu/Codebook/ChIPSeq_1/RawData/Plate_1_D5_S36_R2_001.fastq.gz	/home_local/ivanyev/egrid/dfs/ctrl-subsampled0.1/peaks-interval/macs2-nomodel/PEAKS990011.interval;/home_local/ivanyev/egrid/dfs/ctrl-subsampled0.1/peaks-interval/gem/PEAKS990011.interval;/home_local/ivanyev/egrid/dfs/ctrl-subsampled0.1/peaks-interval/sissrs/PEAKS990011.interval;/home_local/ivanyev/egrid/dfs/ctrl-subsampled0.1/peaks-interval/cpics/PEAKS990011.interval;/home_local/ivanyev/egrid/dfs/ctrl-subsampled0.1/peaks-interval/macs2-pemode/PEAKS990011.interval	170	0,13826	0,15610	0,03870	0,989898	1,065713	0,994743	227,039664	1,499921	94203	95354	40 711 438	85,0
EXP990012	ZBED5	/home_local/mihaialbu/Codebook/ChIPSeq_1/RawData/Plate_1_B4_S26_R1_001.fastq.gz;/home_local/mihaialbu/Codebook/ChIPSeq_1/RawData/Plate_1_B4_S26_R2_001.fastq.gz	/home_local/ivanyev/egrid/dfs/ctrl-subsampled0.1/peaks-interval/macs2-nomodel/PEAKS990012.interval;/home_local/ivanyev/egrid/dfs/ctrl-subsampled0.1/peaks-interval/gem/PEAKS990012.interval;/home_local/ivanyev/egrid/dfs/ctrl-subsampled0.1/peaks-interval/sissrs/PEAKS990012.interval;/home_local/ivanyev/egrid/dfs/ctrl-subsampled0.1/peaks-interval/cpics/PEAKS990012.interval;/home_local/ivanyev/egrid/dfs/ctrl-subsampled0.1/peaks-interval/macs2-pemode/PEAKS990012.interval	150	0,01519	0,01906	0,00675	0,999665	1,939609	0,99971	3997,38	1,970493	616	971	429 240	90,0
EXP990013	ZBED5	/home_local/mihaialbu/Codebook/ChIPSeq_1/RawData/Plate_1_D3_S20_R1_001.fastq.gz;/home_local/mihaialbu/Codebook/ChIPSeq_1/RawData/Plate_1_D3_S20_R2_001.fastq.gz	/home_local/ivanyev/egrid/dfs/ctrl-subsampled0.1/peaks-interval/macs2-nomodel/PEAKS990013.interval;/home_local/ivanyev/egrid/dfs/ctrl-subsampled0.1/peaks-interval/gem/PEAKS990013.interval;/home_local/ivanyev/egrid/dfs/ctrl-subsampled0.1/peaks-interval/sissrs/PEAKS990013.interval;/home_local/ivanyev/egrid/dfs/ctrl-subsampled0.1/peaks-interval/cpics/PEAKS990013.interval;/home_local/ivanyev/egrid/dfs/ctrl-subsampled0.1/peaks-interval/macs2-pemode/PEAKS990013.interval	170	0,11909	0,12447	0,05715	0,983468	1,370101	0,987621	99,213672	1,781634	52817	53941	57 477 156	90,7
EXP990014	ZBED9	/home_local/mihaialbu/Codebook/ChIPSeq_1/RawData/Plate_1_E1_S5_R1_001.fastq.gz;/home_local/mihaialbu/Codebook/ChIPSeq_1/RawData/Plate_1_E1_S5_R2_001.fastq.gz	/home_local/ivanyev/egrid/dfs/ctrl-subsampled0.1/peaks-interval/macs2-nomodel/PEAKS990014.interval;/home_local/ivanyev/egrid/dfs/ctrl-subsampled0.1/peaks-interval/gem/PEAKS990014.interval;/home_local/ivanyev/egrid/dfs/ctrl-subsampled0.1/peaks-interval/sissrs/PEAKS990014.interval;/home_local/ivanyev/egrid/dfs/ctrl-subsampled0.1/peaks-interval/cpics/PEAKS990014.interval;/home_local/ivanyev/egrid/dfs/ctrl-subsampled0.1/peaks-interval/macs2-pemode/PEAKS990014.interval	180	0,00405	0,00397	0,00287	0,997681	1,019288	0,998005	528,939693	2,102177	1777	1944	28 076 354	91,2
EXP990015	ZBED9	/home_local/mihaialbu/Codebook/ChIPSeq_1/RawData/Plate_1_A11_S81_R1_001.fastq.gz;/home_local/mihaialbu/Codebook/ChIPSeq_1/RawData/Plate_1_A11_S81_R2_001.fastq.gz	/home_local/ivanyev/egrid/dfs/ctrl-subsampled0.1/peaks-interval/macs2-nomodel/PEAKS990015.interval;/home_local/ivanyev/egrid/dfs/ctrl-subsampled0.1/peaks-interval/gem/PEAKS990015.interval;/home_local/ivanyev/egrid/dfs/ctrl-subsampled0.1/peaks-interval/sissrs/PEAKS990015.interval;/home_local/ivanyev/egrid/dfs/ctrl-subsampled0.1/peaks-interval/cpics/PEAKS990015.interval;/home_local/ivanyev/egrid/dfs/ctrl-subsampled0.1/peaks-interval/macs2-pemode/PEAKS990015.interval	165	0,11306	0,11938	0,06723	0,995287	1,202413	0,995507	232,302524	1,779389	57999	60172	23 723 656	92,1
EXP990016	TIGD3	/home_local/mihaialbu/Codebook/ChIPSeq_1/RawData/Plate_1_G8_S63_R1_001.fastq.gz;/home_local/mihaialbu/Codebook/ChIPSeq_1/RawData/Plate_1_G8_S63_R2_001.fastq.gz	/home_local/ivanyev/egrid/dfs/ctrl-subsampled0.1/peaks-interval/macs2-nomodel/PEAKS990016.interval;/home_local/ivanyev/egrid/dfs/ctrl-subsampled0.1/peaks-interval/gem/PEAKS990016.interval;/home_local/ivanyev/egrid/dfs/ctrl-subsampled0.1/peaks-interval/sissrs/PEAKS990016.interval;/home_local/ivanyev/egrid/dfs/ctrl-subsampled0.1/peaks-interval/cpics/PEAKS990016.interval;/home_local/ivanyev/egrid/dfs/ctrl-subsampled0.1/peaks-interval/macs2-pemode/PEAKS990016.interval	145	0,13055	0,14422	0,05757	0,990572	1,219407	0,991706	129,665158	1,663813	91190	102991	45 408 588	90,7
EXP990017	TIGD3	/home_local/mihaialbu/Codebook/ChIPSeq_1/RawData/Plate_2_H4_S128_R1_001.fastq.gz;/home_local/mihaialbu/Codebook/ChIPSeq_1/RawData/Plate_2_H4_S128_R2_001.fastq.gz	/home_local/ivanyev/egrid/dfs/ctrl-subsampled0.1/peaks-interval/macs2-nomodel/PEAKS990017.interval;/home_local/ivanyev/egrid/dfs/ctrl-subsampled0.1/peaks-interval/gem/PEAKS990017.interval;/home_local/ivanyev/egrid/dfs/ctrl-subsampled0.1/peaks-interval/sissrs/PEAKS990017.interval;/home_local/ivanyev/egrid/dfs/ctrl-subsampled0.1/peaks-interval/cpics/PEAKS990017.interval;/home_local/ivanyev/egrid/dfs/ctrl-subsampled0.1/peaks-interval/macs2-pemode/PEAKS990017.interval	155	0,17906	0,19087	0,06070	0,988698	1,252477	0,989873	107,315277	1,691659	123127	126666	49 480 452	91,3
EXP990018	ZBED2	/home_local/mihaialbu/Codebook/ChIPSeq_1/RawData/Plate_1_B7_S50_R1_001.fastq.gz;/home_local/mihaialbu/Codebook/ChIPSeq_1/RawData/Plate_1_B7_S50_R2_001.fastq.gz	/home_local/ivanyev/egrid/dfs/ctrl-subsampled0.1/peaks-interval/macs2-nomodel/PEAKS990018.interval;/home_local/ivanyev/egrid/dfs/ctrl-subsampled0.1/peaks-interval/gem/PEAKS990018.interval;/home_local/ivanyev/egrid/dfs/ctrl-subsampled0.1/peaks-interval/sissrs/PEAKS990018.interval;/home_local/ivanyev/egrid/dfs/ctrl-subsampled0.1/peaks-interval/cpics/PEAKS990018.interval;/home_local/ivanyev/egrid/dfs/ctrl-subsampled0.1/peaks-interval/macs2-pemode/PEAKS990018.interval	115	0,00141	0,00123	0,00140	0,998932	1,245376	0,999169	1417,497191	1,46091	32	20	3 370 498	71,7
EXP990019	ZBED2	/home_local/mihaialbu/Codebook/ChIPSeq_1/RawData/Plate_1_B8_S58_R1_001.fastq.gz;/home_local/mihaialbu/Codebook/ChIPSeq_1/RawData/Plate_1_B8_S58_R2_001.fastq.gz	/home_local/ivanyev/egrid/dfs/ctrl-subsampled0.1/peaks-interval/macs2-nomodel/PEAKS990019.interval;/home_local/ivanyev/egrid/dfs/ctrl-subsampled0.1/peaks-interval/gem/PEAKS990019.interval;/home_local/ivanyev/egrid/dfs/ctrl-subsampled0.1/peaks-interval/sissrs/PEAKS990019.interval;/home_local/ivanyev/egrid/dfs/ctrl-subsampled0.1/peaks-interval/cpics/PEAKS990019.interval;/home_local/ivanyev/egrid/dfs/ctrl-subsampled0.1/peaks-interval/macs2-pemode/PEAKS990019.interval	165	0,05856	0,06022	0,04480	0,991631	1,875602	0,994279	237,96057	1,877337	8317	8717	9 488 472	84,8
EXP990020	SGSM2	/home_local/mihaialbu/Codebook/ChIPSeq_1/RawData/Plate_2_H1_S104_R1_001.fastq.gz;/home_local/mihaialbu/Codebook/ChIPSeq_1/RawData/Plate_2_H1_S104_R2_001.fastq.gz	/home_local/ivanyev/egrid/dfs/ctrl-subsampled0.1/peaks-interval/macs2-nomodel/PEAKS990020.interval;/home_local/ivanyev/egrid/dfs/ctrl-subsampled0.1/peaks-interval/gem/PEAKS990020.interval;/home_local/ivanyev/egrid/dfs/ctrl-subsampled0.1/peaks-interval/sissrs/PEAKS990020.interval;/home_local/ivanyev/egrid/dfs/ctrl-subsampled0.1/peaks-interval/cpics/PEAKS990020.interval;/home_local/ivanyev/egrid/dfs/ctrl-subsampled0.1/peaks-interval/macs2-pemode/PEAKS990020.interval	145	0,00251	0,00141	0,00001	0,996154	1,008221	0,996772	327,867255	1,784675	53	76	59 405 466	89,6
EXP990021	SGSM2	/home_local/mihaialbu/Codebook/ChIPSeq_1/RawData/Plate_2_G1_S103_R1_001.fastq.gz;/home_local/mihaialbu/Codebook/ChIPSeq_1/RawData/Plate_2_G1_S103_R2_001.fastq.gz	/home_local/ivanyev/egrid/dfs/ctrl-subsampled0.1/peaks-interval/macs2-nomodel/PEAKS990021.interval;/home_local/ivanyev/egrid/dfs/ctrl-subsampled0.1/peaks-interval/gem/PEAKS990021.interval;/home_local/ivanyev/egrid/dfs/ctrl-subsampled0.1/peaks-interval/sissrs/PEAKS990021.interval;/home_local/ivanyev/egrid/dfs/ctrl-subsampled0.1/peaks-interval/cpics/PEAKS990021.interval;/home_local/ivanyev/egrid/dfs/ctrl-subsampled0.1/peaks-interval/macs2-pemode/PEAKS990021.interval	155	0,32369	0,36811	0,11495	0,992627	1,301305	0,992842	142,351744	1,737313	146846	155205	18 338 612	43,8
EXP990022	SGSM2	/home_local/mihaialbu/Codebook/ChIPSeq_1/RawData/Plate_2_C12_S187_R1_001.fastq.gz;/home_local/mihaialbu/Codebook/ChIPSeq_1/RawData/Plate_2_C12_S187_R2_001.fastq.gz	/home_local/ivanyev/egrid/dfs/ctrl-subsampled0.1/peaks-interval/macs2-nomodel/PEAKS990022.interval;/home_local/ivanyev/egrid/dfs/ctrl-subsampled0.1/peaks-interval/gem/PEAKS990022.interval;/home_local/ivanyev/egrid/dfs/ctrl-subsampled0.1/peaks-interval/sissrs/PEAKS990022.interval;/home_local/ivanyev/egrid/dfs/ctrl-subsampled0.1/peaks-interval/cpics/PEAKS990022.interval;/home_local/ivanyev/egrid/dfs/ctrl-subsampled0.1/peaks-interval/macs2-pemode/PEAKS990022.interval	160	0,40225	0,42477	0,12091	0,994428	1,310521	0,994624	189,66428	1,930533	190516	171792	12 975 636	45,3
EXP990023	AHCTF1	/home_local/mihaialbu/Codebook/ChIPSeq_1/RawData/AHCTF1ChIP1_IGO_10521_36_S82_R1_001.fastq.gz;/home_local/mihaialbu/Codebook/ChIPSeq_1/RawData/AHCTF1ChIP1_IGO_10521_36_S82_R2_001.fastq.gz	/home_local/ivanyev/egrid/dfs/ctrl-subsampled0.1/peaks-interval/macs2-nomodel/PEAKS990023.interval;/home_local/ivanyev/egrid/dfs/ctrl-subsampled0.1/peaks-interval/gem/PEAKS990023.interval;/home_local/ivanyev/egrid/dfs/ctrl-subsampled0.1/peaks-interval/sissrs/PEAKS990023.interval;/home_local/ivanyev/egrid/dfs/ctrl-subsampled0.1/peaks-interval/cpics/PEAKS990023.interval;/home_local/ivanyev/egrid/dfs/ctrl-subsampled0.1/peaks-interval/macs2-pemode/PEAKS990023.interval	165	0,00040	0,00031	0,00002	0,9964	1,005178	0,996724	313,942866	1,040986	12	34	65 348 788	90,0
EXP990024	AHCTF1	/home_local/mihaialbu/Codebook/ChIPSeq_1/RawData/AHCTF1ChIP2_IGO_10521_44_S108_R1_001.fastq.gz;/home_local/mihaialbu/Codebook/ChIPSeq_1/RawData/AHCTF1ChIP2_IGO_10521_44_S108_R2_001.fastq.gz	/home_local/ivanyev/egrid/dfs/ctrl-subsampled0.1/peaks-interval/macs2-nomodel/PEAKS990024.interval;/home_local/ivanyev/egrid/dfs/ctrl-subsampled0.1/peaks-interval/gem/PEAKS990024.interval;/home_local/ivanyev/egrid/dfs/ctrl-subsampled0.1/peaks-interval/sissrs/PEAKS990024.interval;/home_local/ivanyev/egrid/dfs/ctrl-subsampled0.1/peaks-interval/cpics/PEAKS990024.interval;/home_local/ivanyev/egrid/dfs/ctrl-subsampled0.1/peaks-interval/macs2-pemode/PEAKS990024.interval	165	0,00059	0,00034	0,00003	0,996705	1,007269	0,997028	347,502323	1,254963	27	55	62 488 616	90,1
EXP990025	C11orf95	/home_local/mihaialbu/Codebook/ChIPSeq_1/RawData/C11orf95ChIP1_IGO_10521_5_S116_R1_001.fastq.gz;/home_local/mihaialbu/Codebook/ChIPSeq_1/RawData/C11orf95ChIP1_IGO_10521_5_S116_R2_001.fastq.gz	/home_local/ivanyev/egrid/dfs/ctrl-subsampled0.1/peaks-interval/macs2-nomodel/PEAKS990025.interval;/home_local/ivanyev/egrid/dfs/ctrl-subsampled0.1/peaks-interval/gem/PEAKS990025.interval;/home_local/ivanyev/egrid/dfs/ctrl-subsampled0.1/peaks-interval/sissrs/PEAKS990025.interval;/home_local/ivanyev/egrid/dfs/ctrl-subsampled0.1/peaks-interval/cpics/PEAKS990025.interval;/home_local/ivanyev/egrid/dfs/ctrl-subsampled0.1/peaks-interval/macs2-pemode/PEAKS990025.interval	215	0,09066	0,10847	0,02683	0,993142	1,076535	0,993635	164,423408	1,919968	57159	70734	71 555 214	90,3
EXP990026	C11orf95	/home_local/mihaialbu/Codebook/ChIPSeq_1/RawData/C11orf95ChIP2_IGO_10521_13_S2_R1_001.fastq.gz;/home_local/mihaialbu/Codebook/ChIPSeq_1/RawData/C11orf95ChIP2_IGO_10521_13_S2_R2_001.fastq.gz	/home_local/ivanyev/egrid/dfs/ctrl-subsampled0.1/peaks-interval/macs2-nomodel/PEAKS990026.interval;/home_local/ivanyev/egrid/dfs/ctrl-subsampled0.1/peaks-interval/gem/PEAKS990026.interval;/home_local/ivanyev/egrid/dfs/ctrl-subsampled0.1/peaks-interval/sissrs/PEAKS990026.interval;/home_local/ivanyev/egrid/dfs/ctrl-subsampled0.1/peaks-interval/cpics/PEAKS990026.interval;/home_local/ivanyev/egrid/dfs/ctrl-subsampled0.1/peaks-interval/macs2-pemode/PEAKS990026.interval	275	0,17983	0,20364	0,05444	0,990672	1,152018	0,991283	121,130132	1,723506	69738	77241	57 701 350	90,1
EXP990027	CHAMP1	/home_local/mihaialbu/Codebook/ChIPSeq_1/RawData/CHAMP1ChIP1_IGO_10521_54_S23_R1_001.fastq.gz;/home_local/mihaialbu/Codebook/ChIPSeq_1/RawData/CHAMP1ChIP1_IGO_10521_54_S23_R2_001.fastq.gz	/home_local/ivanyev/egrid/dfs/ctrl-subsampled0.1/peaks-interval/macs2-nomodel/PEAKS990027.interval;/home_local/ivanyev/egrid/dfs/ctrl-subsampled0.1/peaks-interval/gem/PEAKS990027.interval;/home_local/ivanyev/egrid/dfs/ctrl-subsampled0.1/peaks-interval/sissrs/PEAKS990027.interval;/home_local/ivanyev/egrid/dfs/ctrl-subsampled0.1/peaks-interval/cpics/PEAKS990027.interval;/home_local/ivanyev/egrid/dfs/ctrl-subsampled0.1/peaks-interval/macs2-pemode/PEAKS990027.interval	220	0,00071	0,00041	0,00002	0,997113	1,005586	0,997398	398,286316	1,055395	22	35	53 663 218	87,5
EXP990028	CHAMP1	/home_local/mihaialbu/Codebook/ChIPSeq_1/RawData/CHAMP1ChIP2_IGO_10521_62_S117_R1_001.fastq.gz;/home_local/mihaialbu/Codebook/ChIPSeq_1/RawData/CHAMP1ChIP2_IGO_10521_62_S117_R2_001.fastq.gz	/home_local/ivanyev/egrid/dfs/ctrl-subsampled0.1/peaks-interval/macs2-nomodel/PEAKS990028.interval;/home_local/ivanyev/egrid/dfs/ctrl-subsampled0.1/peaks-interval/gem/PEAKS990028.interval;/home_local/ivanyev/egrid/dfs/ctrl-subsampled0.1/peaks-interval/sissrs/PEAKS990028.interval;/home_local/ivanyev/egrid/dfs/ctrl-subsampled0.1/peaks-interval/cpics/PEAKS990028.interval;/home_local/ivanyev/egrid/dfs/ctrl-subsampled0.1/peaks-interval/macs2-pemode/PEAKS990028.interval	150	0,00168	0,00136	0,00079	0,99727	1,009545	0,997539	422,052521	1,210106	651	596	45 930 554	89,8
EXP990029	CxxC4	/home_local/mihaialbu/Codebook/ChIPSeq_1/RawData/CxxC4ChIP1_IGO_10521_51_S86_R1_001.fastq.gz;/home_local/mihaialbu/Codebook/ChIPSeq_1/RawData/CxxC4ChIP1_IGO_10521_51_S86_R2_001.fastq.gz	/home_local/ivanyev/egrid/dfs/ctrl-subsampled0.1/peaks-interval/macs2-nomodel/PEAKS990029.interval;/home_local/ivanyev/egrid/dfs/ctrl-subsampled0.1/peaks-interval/gem/PEAKS990029.interval;/home_local/ivanyev/egrid/dfs/ctrl-subsampled0.1/peaks-interval/sissrs/PEAKS990029.interval;/home_local/ivanyev/egrid/dfs/ctrl-subsampled0.1/peaks-interval/cpics/PEAKS990029.interval;/home_local/ivanyev/egrid/dfs/ctrl-subsampled0.1/peaks-interval/macs2-pemode/PEAKS990029.interval	200	0,46706	0,46858	0,22982	0,888145	3,5633	0,909108	13,675944	1,275639	27969	25862	56 231 860	90,9
EXP990030	CxxC4	/home_local/mihaialbu/Codebook/ChIPSeq_1/RawData/CxxC4ChIP2_IGO_10521_59_S11_R1_001.fastq.gz;/home_local/mihaialbu/Codebook/ChIPSeq_1/RawData/CxxC4ChIP2_IGO_10521_59_S11_R2_001.fastq.gz	/home_local/ivanyev/egrid/dfs/ctrl-subsampled0.1/peaks-interval/macs2-nomodel/PEAKS990030.interval;/home_local/ivanyev/egrid/dfs/ctrl-subsampled0.1/peaks-interval/gem/PEAKS990030.interval;/home_local/ivanyev/egrid/dfs/ctrl-subsampled0.1/peaks-interval/sissrs/PEAKS990030.interval;/home_local/ivanyev/egrid/dfs/ctrl-subsampled0.1/peaks-interval/cpics/PEAKS990030.interval;/home_local/ivanyev/egrid/dfs/ctrl-subsampled0.1/peaks-interval/macs2-pemode/PEAKS990030.interval	160	0,66802	0,66819	0,46061	0,845337	7,473666	0,87128	9,393199	1,30776	22039	18763	22 162 916	90,5
EXP990031	FBXL19	/home_local/mihaialbu/Codebook/ChIPSeq_1/RawData/FBXL19ChIP1_IGO_10521_56_S9_R1_001.fastq.gz;/home_local/mihaialbu/Codebook/ChIPSeq_1/RawData/FBXL19ChIP1_IGO_10521_56_S9_R2_001.fastq.gz	/home_local/ivanyev/egrid/dfs/ctrl-subsampled0.1/peaks-interval/macs2-nomodel/PEAKS990031.interval;/home_local/ivanyev/egrid/dfs/ctrl-subsampled0.1/peaks-interval/gem/PEAKS990031.interval;/home_local/ivanyev/egrid/dfs/ctrl-subsampled0.1/peaks-interval/sissrs/PEAKS990031.interval;/home_local/ivanyev/egrid/dfs/ctrl-subsampled0.1/peaks-interval/cpics/PEAKS990031.interval;/home_local/ivanyev/egrid/dfs/ctrl-subsampled0.1/peaks-interval/macs2-pemode/PEAKS990031.interval	200	0,03788	0,04257	0,01835	0,99614	1,022029	0,996385	284,086408	1,144241	15681	13829	58 308 890	89,8
EXP990032	FBXL19	/home_local/mihaialbu/Codebook/ChIPSeq_1/RawData/FBXL19ChIP2_IGO_10521_64_S14_R1_001.fastq.gz;/home_local/mihaialbu/Codebook/ChIPSeq_1/RawData/FBXL19ChIP2_IGO_10521_64_S14_R2_001.fastq.gz	/home_local/ivanyev/egrid/dfs/ctrl-subsampled0.1/peaks-interval/macs2-nomodel/PEAKS990032.interval;/home_local/ivanyev/egrid/dfs/ctrl-subsampled0.1/peaks-interval/gem/PEAKS990032.interval;/home_local/ivanyev/egrid/dfs/ctrl-subsampled0.1/peaks-interval/sissrs/PEAKS990032.interval;/home_local/ivanyev/egrid/dfs/ctrl-subsampled0.1/peaks-interval/cpics/PEAKS990032.interval;/home_local/ivanyev/egrid/dfs/ctrl-subsampled0.1/peaks-interval/macs2-pemode/PEAKS990032.interval	195	0,04325	0,04564	0,02483	0,995789	1,030578	0,996053	260,827282	1,15629	15716	13794	57 745 060	89,6
EXP990033	JRK	/home_local/mihaialbu/Codebook/ChIPSeq_1/RawData/JRKChIP1_IGO_10521_55_S8_R1_001.fastq.gz;/home_local/mihaialbu/Codebook/ChIPSeq_1/RawData/JRKChIP1_IGO_10521_55_S8_R2_001.fastq.gz	/home_local/ivanyev/egrid/dfs/ctrl-subsampled0.1/peaks-interval/macs2-nomodel/PEAKS990033.interval;/home_local/ivanyev/egrid/dfs/ctrl-subsampled0.1/peaks-interval/gem/PEAKS990033.interval;/home_local/ivanyev/egrid/dfs/ctrl-subsampled0.1/peaks-interval/sissrs/PEAKS990033.interval;/home_local/ivanyev/egrid/dfs/ctrl-subsampled0.1/peaks-interval/cpics/PEAKS990033.interval;/home_local/ivanyev/egrid/dfs/ctrl-subsampled0.1/peaks-interval/macs2-pemode/PEAKS990033.interval	235	0,00968	0,01462	0,00378	0,99667	1,012272	0,996919	334,270422	1,252295	4842	7390	56 552 382	89,5
EXP990034	JRK	/home_local/mihaialbu/Codebook/ChIPSeq_1/RawData/JRKChIP2_IGO_10521_63_S24_R1_001.fastq.gz;/home_local/mihaialbu/Codebook/ChIPSeq_1/RawData/JRKChIP2_IGO_10521_63_S24_R2_001.fastq.gz	/home_local/ivanyev/egrid/dfs/ctrl-subsampled0.1/peaks-interval/macs2-nomodel/PEAKS990034.interval;/home_local/ivanyev/egrid/dfs/ctrl-subsampled0.1/peaks-interval/gem/PEAKS990034.interval;/home_local/ivanyev/egrid/dfs/ctrl-subsampled0.1/peaks-interval/sissrs/PEAKS990034.interval;/home_local/ivanyev/egrid/dfs/ctrl-subsampled0.1/peaks-interval/cpics/PEAKS990034.interval;/home_local/ivanyev/egrid/dfs/ctrl-subsampled0.1/peaks-interval/macs2-pemode/PEAKS990034.interval	205	0,01400	0,01696	0,00582	0,996937	1,017822	0,997145	360,63847	1,379307	6310	8308	51 995 954	89,8
EXP990035	SETBP1	/home_local/mihaialbu/Codebook/ChIPSeq_1/RawData/SETBP1ChIP1_IGO_10521_4_S114_R1_001.fastq.gz;/home_local/mihaialbu/Codebook/ChIPSeq_1/RawData/SETBP1ChIP1_IGO_10521_4_S114_R2_001.fastq.gz	/home_local/ivanyev/egrid/dfs/ctrl-subsampled0.1/peaks-interval/macs2-nomodel/PEAKS990035.interval;/home_local/ivanyev/egrid/dfs/ctrl-subsampled0.1/peaks-interval/gem/PEAKS990035.interval;/home_local/ivanyev/egrid/dfs/ctrl-subsampled0.1/peaks-interval/sissrs/PEAKS990035.interval;/home_local/ivanyev/egrid/dfs/ctrl-subsampled0.1/peaks-interval/cpics/PEAKS990035.interval;/home_local/ivanyev/egrid/dfs/ctrl-subsampled0.1/peaks-interval/macs2-pemode/PEAKS990035.interval	165	0,00341	0,00314	0,00001	0,997294	1,006332	0,997622	435,52678	1,154417	19	33	47 236 164	90,1
EXP990036	SETBP1	/home_local/mihaialbu/Codebook/ChIPSeq_1/RawData/SETBP1ChIP2_IGO_10521_12_S10_R1_001.fastq.gz;/home_local/mihaialbu/Codebook/ChIPSeq_1/RawData/SETBP1ChIP2_IGO_10521_12_S10_R2_001.fastq.gz	/home_local/ivanyev/egrid/dfs/ctrl-subsampled0.1/peaks-interval/macs2-nomodel/PEAKS990036.interval;/home_local/ivanyev/egrid/dfs/ctrl-subsampled0.1/peaks-interval/gem/PEAKS990036.interval;/home_local/ivanyev/egrid/dfs/ctrl-subsampled0.1/peaks-interval/sissrs/PEAKS990036.interval;/home_local/ivanyev/egrid/dfs/ctrl-subsampled0.1/peaks-interval/cpics/PEAKS990036.interval;/home_local/ivanyev/egrid/dfs/ctrl-subsampled0.1/peaks-interval/macs2-pemode/PEAKS990036.interval	175	0,00489	0,00432	0,00196	0,997643	1,008578	0,997863	481,724503	1,118021	1297	1886	44 169 096	90,6
EXP990037	SP140	/home_local/mihaialbu/Codebook/ChIPSeq_1/RawData/SP140ChIP1_IGO_10521_1_S99_R1_001.fastq.gz;/home_local/mihaialbu/Codebook/ChIPSeq_1/RawData/SP140ChIP1_IGO_10521_1_S99_R2_001.fastq.gz	/home_local/ivanyev/egrid/dfs/ctrl-subsampled0.1/peaks-interval/macs2-nomodel/PEAKS990037.interval;/home_local/ivanyev/egrid/dfs/ctrl-subsampled0.1/peaks-interval/gem/PEAKS990037.interval;/home_local/ivanyev/egrid/dfs/ctrl-subsampled0.1/peaks-interval/sissrs/PEAKS990037.interval;/home_local/ivanyev/egrid/dfs/ctrl-subsampled0.1/peaks-interval/cpics/PEAKS990037.interval;/home_local/ivanyev/egrid/dfs/ctrl-subsampled0.1/peaks-interval/macs2-pemode/PEAKS990037.interval	230	0,00624	0,00659	0,00453	0,993855	1,008974	0,996686	365,166758	0,850422	388	512	50 063 008	86,3
EXP990038	SP140	/home_local/mihaialbu/Codebook/ChIPSeq_1/RawData/SP140ChIP2_IGO_10521_9_S91_R1_001.fastq.gz;/home_local/mihaialbu/Codebook/ChIPSeq_1/RawData/SP140ChIP2_IGO_10521_9_S91_R2_001.fastq.gz	/home_local/ivanyev/egrid/dfs/ctrl-subsampled0.1/peaks-interval/macs2-nomodel/PEAKS990038.interval;/home_local/ivanyev/egrid/dfs/ctrl-subsampled0.1/peaks-interval/gem/PEAKS990038.interval;/home_local/ivanyev/egrid/dfs/ctrl-subsampled0.1/peaks-interval/sissrs/PEAKS990038.interval;/home_local/ivanyev/egrid/dfs/ctrl-subsampled0.1/peaks-interval/cpics/PEAKS990038.interval;/home_local/ivanyev/egrid/dfs/ctrl-subsampled0.1/peaks-interval/macs2-pemode/PEAKS990038.interval	320	0,03774	0,04210	0,03148	0,976801	1,02226	0,994818	311,80837	0,7214872	2536	5221	41 619 552	73,1
EXP990039	TIGD7	/home_local/mihaialbu/Codebook/ChIPSeq_1/RawData/TIGD7ChIP1_IGO_10521_2_S46_R1_001.fastq.gz;/home_local/mihaialbu/Codebook/ChIPSeq_1/RawData/TIGD7ChIP1_IGO_10521_2_S46_R2_001.fastq.gz	/home_local/ivanyev/egrid/dfs/ctrl-subsampled0.1/peaks-interval/macs2-nomodel/PEAKS990039.interval;/home_local/ivanyev/egrid/dfs/ctrl-subsampled0.1/peaks-interval/gem/PEAKS990039.interval;/home_local/ivanyev/egrid/dfs/ctrl-subsampled0.1/peaks-interval/sissrs/PEAKS990039.interval;/home_local/ivanyev/egrid/dfs/ctrl-subsampled0.1/peaks-interval/cpics/PEAKS990039.interval;/home_local/ivanyev/egrid/dfs/ctrl-subsampled0.1/peaks-interval/macs2-pemode/PEAKS990039.interval	160	0,00313	0,00065	0,00009	0,997161	1,005897	0,997494	414,48048	1,069701	64	72	52 046 604	89,5
EXP990040	TIGD7	/home_local/mihaialbu/Codebook/ChIPSeq_1/RawData/TIGD7ChIP2_IGO_10521_10_S42_R1_001.fastq.gz;/home_local/mihaialbu/Codebook/ChIPSeq_1/RawData/TIGD7ChIP2_IGO_10521_10_S42_R2_001.fastq.gz	/home_local/ivanyev/egrid/dfs/ctrl-subsampled0.1/peaks-interval/macs2-nomodel/PEAKS990040.interval;/home_local/ivanyev/egrid/dfs/ctrl-subsampled0.1/peaks-interval/gem/PEAKS990040.interval;/home_local/ivanyev/egrid/dfs/ctrl-subsampled0.1/peaks-interval/sissrs/PEAKS990040.interval;/home_local/ivanyev/egrid/dfs/ctrl-subsampled0.1/peaks-interval/cpics/PEAKS990040.interval;/home_local/ivanyev/egrid/dfs/ctrl-subsampled0.1/peaks-interval/macs2-pemode/PEAKS990040.interval	185	0,00601	0,00491	0,00258	0,997253	1,010954	0,99754	421,077616	1,217591	1938	2084	48 827 378	87,5
EXP990041	ZBED4	/home_local/mihaialbu/Codebook/ChIPSeq_1/RawData/ZBED4ChIP1_IGO_10521_53_S88_R1_001.fastq.gz;/home_local/mihaialbu/Codebook/ChIPSeq_1/RawData/ZBED4ChIP1_IGO_10521_53_S88_R2_001.fastq.gz	/home_local/ivanyev/egrid/dfs/ctrl-subsampled0.1/peaks-interval/macs2-nomodel/PEAKS990041.interval;/home_local/ivanyev/egrid/dfs/ctrl-subsampled0.1/peaks-interval/gem/PEAKS990041.interval;/home_local/ivanyev/egrid/dfs/ctrl-subsampled0.1/peaks-interval/sissrs/PEAKS990041.interval;/home_local/ivanyev/egrid/dfs/ctrl-subsampled0.1/peaks-interval/cpics/PEAKS990041.interval;/home_local/ivanyev/egrid/dfs/ctrl-subsampled0.1/peaks-interval/macs2-pemode/PEAKS990041.interval	210	0,03701	0,04342	0,01444	0,994837	1,02534	0,995147	211,599191	1,262828	16860	18682	75 210 844	90,0
EXP990042	ZBED4	/home_local/mihaialbu/Codebook/ChIPSeq_1/RawData/ZBED4ChIP2_IGO_10521_61_S13_R1_001.fastq.gz;/home_local/mihaialbu/Codebook/ChIPSeq_1/RawData/ZBED4ChIP2_IGO_10521_61_S13_R2_001.fastq.gz	/home_local/ivanyev/egrid/dfs/ctrl-subsampled0.1/peaks-interval/macs2-nomodel/PEAKS990042.interval;/home_local/ivanyev/egrid/dfs/ctrl-subsampled0.1/peaks-interval/gem/PEAKS990042.interval;/home_local/ivanyev/egrid/dfs/ctrl-subsampled0.1/peaks-interval/sissrs/PEAKS990042.interval;/home_local/ivanyev/egrid/dfs/ctrl-subsampled0.1/peaks-interval/cpics/PEAKS990042.interval;/home_local/ivanyev/egrid/dfs/ctrl-subsampled0.1/peaks-interval/macs2-pemode/PEAKS990042.interval	165	0,06511	0,07581	0,03714	0,995817	1,056739	0,996062	262,35526	1,259916	23813	23184	43 981 930	88,8
EXP990043	CONTROL	/home_local/mihaialbu/Codebook/ControlInput/ATMINInput2_IGO_10521_83_S60_R1_001.fastq.gz;/home_local/mihaialbu/Codebook/ControlInput/ATMINInput2_IGO_10521_83_S60_R2_001.fastq.gz	 	185	CONTROL	CONTROL	CONTROL	0,997139	1,004788	0,997438	403,033999	0,9683758	CONTROL	CONTROL	54 989 804	89,8
EXP990044	CONTROL	/home_local/mihaialbu/Codebook/ControlInput/CAMTA2Input2_IGO_10521_82_S59_R1_001.fastq.gz;/home_local/mihaialbu/Codebook/ControlInput/CAMTA2Input2_IGO_10521_82_S59_R2_001.fastq.gz	 	200	CONTROL	CONTROL	CONTROL	0,996873	1,005654	0,997183	367,337028	1,072532	CONTROL	CONTROL	61 451 274	89,6
EXP990045	CONTROL	/home_local/mihaialbu/Codebook/ControlInput/KINInput1_IGO_10521_72_S20_R1_001.fastq.gz;/home_local/mihaialbu/Codebook/ControlInput/KINInput1_IGO_10521_72_S20_R2_001.fastq.gz	 	215	CONTROL	CONTROL	CONTROL	0,997114	1,005102	0,997415	399,985837	0,9461001	CONTROL	CONTROL	54 094 864	90,4
EXP990046	CONTROL	/home_local/mihaialbu/Codebook/ControlInput/KINInput2_IGO_10521_85_S23_R1_001.fastq.gz;/home_local/mihaialbu/Codebook/ControlInput/KINInput2_IGO_10521_85_S23_R2_001.fastq.gz	 	160	CONTROL	CONTROL	CONTROL	0,996964	1,005212	0,997271	378,331708	0,9048465	CONTROL	CONTROL	56 901 336	90,1
EXP990047	CONTROL	/home_local/mihaialbu/Codebook/ControlInput/NCOA1Input2_IGO_10521_84_S61_R1_001.fastq.gz;/home_local/mihaialbu/Codebook/ControlInput/NCOA1Input2_IGO_10521_84_S61_R2_001.fastq.gz	 	215	CONTROL	CONTROL	CONTROL	0,99745	1,004068	0,997685	444,499031	0,9092275	CONTROL	CONTROL	48 505 614	90,5
EXP990048	CONTROL	/home_local/mihaialbu/Codebook/ControlInput/POGKInput1_IGO_10521_71_S19_R1_001.fastq.gz;/home_local/mihaialbu/Codebook/ControlInput/POGKInput1_IGO_10521_71_S19_R2_001.fastq.gz	 	245	CONTROL	CONTROL	CONTROL	0,996925	1,004351	0,997256	375,858794	0,899903	CONTROL	CONTROL	56 830 280	90,8
EXP990049	CONTROL	/home_local/mihaialbu/Codebook/ControlInput/PRDM13Input1_IGO_10521_80_S28_R1_001.fastq.gz;/home_local/mihaialbu/Codebook/ControlInput/PRDM13Input1_IGO_10521_80_S28_R2_001.fastq.gz	 	240	CONTROL	CONTROL	CONTROL	0,997336	1,004463	0,997628	437,486706	0,8910128	CONTROL	CONTROL	51 356 692	89,8
EXP990050	CONTROL	/home_local/mihaialbu/Codebook/ControlInput/PRDM13Input2_IGO_10521_81_S29_R1_001.fastq.gz;/home_local/mihaialbu/Codebook/ControlInput/PRDM13Input2_IGO_10521_81_S29_R2_001.fastq.gz	 	175	CONTROL	CONTROL	CONTROL	0,997446	1,006088	0,997755	464,511232	1,055056	CONTROL	CONTROL	45 665 554	89,7
EXP990051	CONTROL	/home_local/mihaialbu/Codebook/ControlInput/ZBTB5Input1_IGO_10521_78_S22_R1_001.fastq.gz;/home_local/mihaialbu/Codebook/ControlInput/ZBTB5Input1_IGO_10521_78_S22_R2_001.fastq.gz	 	215	CONTROL	CONTROL	CONTROL	0,997011	1,006173	0,99738	397,818913	0,9481617	CONTROL	CONTROL	55 652 872	90,1
EXP990052	CONTROL	/home_local/mihaialbu/Codebook/ControlInput/ZNF446Input2_IGO_10521_86_S24_R1_001.fastq.gz;/home_local/mihaialbu/Codebook/ControlInput/ZNF446Input2_IGO_10521_86_S24_R2_001.fastq.gz	 	215	CONTROL	CONTROL	CONTROL	0,997127	1,003625	0,997385	391,291808	0,8927682	CONTROL	CONTROL	54 857 226	91,2
EXP990053	CONTROL	/home_local/mihaialbu/Codebook/ControlInput/ZNF503Input1_IGO_10521_70_S18_R1_001.fastq.gz;/home_local/mihaialbu/Codebook/ControlInput/ZNF503Input1_IGO_10521_70_S18_R2_001.fastq.gz	 	220	CONTROL	CONTROL	CONTROL	0,996939	1,004298	0,997236	371,184442	0,940725	CONTROL	CONTROL	59 164 410	91,1
EXP990054	CONTROL	/home_local/mihaialbu/Codebook/ControlInput/Plate_1_A12_S89_R1_001.fastq.gz;/home_local/mihaialbu/Codebook/ControlInput/Plate_1_A12_S89_R2_001.fastq.gz;/home_local/mihaialbu/Codebook/ControlInput/Plate_1_A6_S41_R1_001.fastq.gz;/home_local/mihaialbu/Codebook/ControlInput/Plate_1_A6_S41_R2_001.fastq.gz;/home_local/mihaialbu/Codebook/ControlInput/Plate_1_B12_S90_R1_001.fastq.gz;/home_local/mihaialbu/Codebook/ControlInput/Plate_1_B12_S90_R2_001.fastq.gz;/home_local/mihaialbu/Codebook/ControlInput/Plate_1_B6_S42_R1_001.fastq.gz;/home_local/mihaialbu/Codebook/ControlInput/Plate_1_B6_S42_R2_001.fastq.gz;/home_local/mihaialbu/Codebook/ControlInput/Plate_1_C12_S91_R1_001.fastq.gz;/home_local/mihaialbu/Codebook/ControlInput/Plate_1_C12_S91_R2_001.fastq.gz;/home_local/mihaialbu/Codebook/ControlInput/Plate_1_C5_S35_R1_001.fastq.gz;/home_local/mihaialbu/Codebook/ControlInput/Plate_1_C5_S35_R2_001.fastq.gz;/home_local/mihaialbu/Codebook/ControlInput/Plate_1_D12_S92_R1_001.fastq.gz;/home_local/mihaialbu/Codebook/ControlInput/Plate_1_D12_S92_R2_001.fastq.gz;/home_local/mihaialbu/Codebook/ControlInput/Plate_1_D6_S44_R1_001.fastq.gz;/home_local/mihaialbu/Codebook/ControlInput/Plate_1_D6_S44_R2_001.fastq.gz;/home_local/mihaialbu/Codebook/ControlInput/Plate_1_E12_S93_R1_001.fastq.gz;/home_local/mihaialbu/Codebook/ControlInput/Plate_1_E12_S93_R2_001.fastq.gz;/home_local/mihaialbu/Codebook/ControlInput/Plate_1_E5_S37_R1_001.fastq.gz;/home_local/mihaialbu/Codebook/ControlInput/Plate_1_E5_S37_R2_001.fastq.gz;/home_local/mihaialbu/Codebook/ControlInput/Plate_1_E6_S45_R1_001.fastq.gz;/home_local/mihaialbu/Codebook/ControlInput/Plate_1_E6_S45_R2_001.fastq.gz;/home_local/mihaialbu/Codebook/ControlInput/Plate_1_F12_S94_R1_001.fastq.gz;/home_local/mihaialbu/Codebook/ControlInput/Plate_1_F12_S94_R2_001.fastq.gz;/home_local/mihaialbu/Codebook/ControlInput/Plate_1_F6_S46_R1_001.fastq.gz;/home_local/mihaialbu/Codebook/ControlInput/Plate_1_F6_S46_R2_001.fastq.gz;/home_local/mihaialbu/Codebook/ControlInput/Plate_1_G12_S95_R1_001.fastq.gz;/home_local/mihaialbu/Codebook/ControlInput/Plate_1_G12_S95_R2_001.fastq.gz;/home_local/mihaialbu/Codebook/ControlInput/Plate_1_G5_S39_R1_001.fastq.gz;/home_local/mihaialbu/Codebook/ControlInput/Plate_1_G5_S39_R2_001.fastq.gz;/home_local/mihaialbu/Codebook/ControlInput/Plate_1_G6_S47_R1_001.fastq.gz;/home_local/mihaialbu/Codebook/ControlInput/Plate_1_G6_S47_R2_001.fastq.gz;/home_local/mihaialbu/Codebook/ControlInput/Plate_1_H12_S96_R1_001.fastq.gz;/home_local/mihaialbu/Codebook/ControlInput/Plate_1_H12_S96_R2_001.fastq.gz;/home_local/mihaialbu/Codebook/ControlInput/Plate_1_H5_S40_R1_001.fastq.gz;/home_local/mihaialbu/Codebook/ControlInput/Plate_1_H5_S40_R2_001.fastq.gz;/home_local/mihaialbu/Codebook/ControlInput/Plate_1_H6_S48_R1_001.fastq.gz;/home_local/mihaialbu/Codebook/ControlInput/Plate_1_H6_S48_R2_001.fastq.gz	 	160	CONTROL	CONTROL	CONTROL	0,961707	1,006749	0,961929	26,100549	1,571186	CONTROL	CONTROL	799 853 428	90,0
EXP990055	ZNF382	/home_local/mihaialbu/Codebook/ChIPSeq_2/RawData/140515_LYNLEY_0427_AC3U4EACXX_L8_TGACCA_1_pf.fastq.gz;/home_local/mihaialbu/Codebook/ChIPSeq_2/RawData/140515_LYNLEY_0427_AC3U4EACXX_L8_TGACCA_2_pf.fastq.gz	/home_local/ivanyev/egrid/dfs/ctrl-subsampled0.1/peaks-interval/macs2-nomodel/PEAKS990055.interval;/home_local/ivanyev/egrid/dfs/ctrl-subsampled0.1/peaks-interval/gem/PEAKS990055.interval;/home_local/ivanyev/egrid/dfs/ctrl-subsampled0.1/peaks-interval/sissrs/PEAKS990055.interval;/home_local/ivanyev/egrid/dfs/ctrl-subsampled0.1/peaks-interval/cpics/PEAKS990055.interval;/home_local/ivanyev/egrid/dfs/ctrl-subsampled0.1/peaks-interval/macs2-pemode/PEAKS990055.interval	175	0,04960	0,05968	0,01429	0,992865	1,05085	0,993392	157,501169	1,355418	40550	49402	79 263 536	91,2
EXP990056	SNAI1	/home_local/mihaialbu/Codebook/ChIPSeq_2/RawData/Sample_Hughes_2_SNAI1_FS0169/Hughes_2_SNAI1_FS0169_CGATGT_L003_R1_001.fastq.gz;/home_local/mihaialbu/Codebook/ChIPSeq_2/RawData/Sample_Hughes_2_SNAI1_FS0169/Hughes_2_SNAI1_FS0169_CGATGT_L004_R1_001.fastq.gz	/home_local/ivanyev/egrid/dfs/ctrl-subsampled0.1/peaks-interval/macs2-nomodel/PEAKS990056.interval;/home_local/ivanyev/egrid/dfs/ctrl-subsampled0.1/peaks-interval/gem/PEAKS990056.interval;/home_local/ivanyev/egrid/dfs/ctrl-subsampled0.1/peaks-interval/sissrs/PEAKS990056.interval;/home_local/ivanyev/egrid/dfs/ctrl-subsampled0.1/peaks-interval/cpics/PEAKS990056.interval;	155	0,00275	NOT_PAIRED_END	0,00103	0,801746	1,109128	0,795633	4,71923	6,358423	188	NOT_PAIRED_END	18 074 850	86,2
EXP990057	SNAI1	/home_local/mihaialbu/Codebook/ChIPSeq_2/RawData/Sample_Hughes_3_SNAI1_FS0170/Hughes_3_SNAI1_FS0170_TTAGGC_L003_R1_001.fastq.gz;/home_local/mihaialbu/Codebook/ChIPSeq_2/RawData/Sample_Hughes_3_SNAI1_FS0170/Hughes_3_SNAI1_FS0170_TTAGGC_L004_R1_001.fastq.gz	/home_local/ivanyev/egrid/dfs/ctrl-subsampled0.1/peaks-interval/macs2-nomodel/PEAKS990057.interval;/home_local/ivanyev/egrid/dfs/ctrl-subsampled0.1/peaks-interval/gem/PEAKS990057.interval;/home_local/ivanyev/egrid/dfs/ctrl-subsampled0.1/peaks-interval/sissrs/PEAKS990057.interval;/home_local/ivanyev/egrid/dfs/ctrl-subsampled0.1/peaks-interval/cpics/PEAKS990057.interval;	165	0,00161	NOT_PAIRED_END	0,00297	0,713431	1,20054	0,69948	3,145065	14,19843	312	NOT_PAIRED_END	15 983 971	85,7
EXP990058	OVOL3	/home_local/mihaialbu/Codebook/ChIPSeq_2/RawData/Sample_Hughes_SI0515_OVOL3/Hughes_SI0515_OVOL3_AGTTCC_L005_R1_001.fastq.gz;/home_local/mihaialbu/Codebook/ChIPSeq_2/RawData/Sample_Hughes_SI0515_OVOL3/Hughes_SI0515_OVOL3_AGTTCC_L006_R1_001.fastq.gz	/home_local/ivanyev/egrid/dfs/ctrl-subsampled0.1/peaks-interval/macs2-nomodel/PEAKS990058.interval;/home_local/ivanyev/egrid/dfs/ctrl-subsampled0.1/peaks-interval/gem/PEAKS990058.interval;/home_local/ivanyev/egrid/dfs/ctrl-subsampled0.1/peaks-interval/sissrs/PEAKS990058.interval;/home_local/ivanyev/egrid/dfs/ctrl-subsampled0.1/peaks-interval/cpics/PEAKS990058.interval;	130	0,00102	NOT_PAIRED_END	0,00075	0,665607	1,105543	0,648499	2,676422	5,769768	456	NOT_PAIRED_END	47 836 515	87,3
EXP990059	ZNF189	/home_local/mihaialbu/Codebook/ChIPSeq_2/RawData/Sample_Hughes_S1_189/Hughes_S1_189_TTAGGC_L004_R1_001.fastq.gz;/home_local/mihaialbu/Codebook/ChIPSeq_2/RawData/Sample_Hughes_S1_189/Hughes_S1_189_TTAGGC_L005_R1_001.fastq.gz	/home_local/ivanyev/egrid/dfs/ctrl-subsampled0.1/peaks-interval/macs2-nomodel/PEAKS990059.interval;/home_local/ivanyev/egrid/dfs/ctrl-subsampled0.1/peaks-interval/gem/PEAKS990059.interval;/home_local/ivanyev/egrid/dfs/ctrl-subsampled0.1/peaks-interval/sissrs/PEAKS990059.interval;/home_local/ivanyev/egrid/dfs/ctrl-subsampled0.1/peaks-interval/cpics/PEAKS990059.interval;	145	0,04479	NOT_PAIRED_END	0,02724	0,859183	1,245131	0,861053	7,111952	2,310772	17455	NOT_PAIRED_END	21 025 199	85,6
EXP990060	ZNF708	/home_local/mihaialbu/Codebook/ChIPSeq_2/RawData/Sample_Hughes_SI0419_ZNF708/Hughes_SI0419_ZNF708_GCCAAT_L001_R1_001.fastq.gz;/home_local/mihaialbu/Codebook/ChIPSeq_2/RawData/Sample_Hughes_SI0419_ZNF708/Hughes_SI0419_ZNF708_GCCAAT_L002_R1_001.fastq.gz	/home_local/ivanyev/egrid/dfs/ctrl-subsampled0.1/peaks-interval/macs2-nomodel/PEAKS990060.interval;/home_local/ivanyev/egrid/dfs/ctrl-subsampled0.1/peaks-interval/gem/PEAKS990060.interval;/home_local/ivanyev/egrid/dfs/ctrl-subsampled0.1/peaks-interval/sissrs/PEAKS990060.interval;/home_local/ivanyev/egrid/dfs/ctrl-subsampled0.1/peaks-interval/cpics/PEAKS990060.interval;	150	0,00502	NOT_PAIRED_END	0,00252	0,952679	1,042559	0,953219	21,367173	1,950178	762	NOT_PAIRED_END	16 604 732	86,9
EXP990061	GLI4	/home_local/mihaialbu/Codebook/ChIPSeq_2/RawData/Sample_Hughes_SI0368_GLI4/Hughes_SI0368_GLI4_AGTTCC_L001_R1_001.fastq.gz;/home_local/mihaialbu/Codebook/ChIPSeq_2/RawData/Sample_Hughes_SI0368_GLI4/Hughes_SI0368_GLI4_AGTTCC_L002_R1_001.fastq.gz	/home_local/ivanyev/egrid/dfs/ctrl-subsampled0.1/peaks-interval/macs2-nomodel/PEAKS990061.interval;/home_local/ivanyev/egrid/dfs/ctrl-subsampled0.1/peaks-interval/gem/PEAKS990061.interval;/home_local/ivanyev/egrid/dfs/ctrl-subsampled0.1/peaks-interval/sissrs/PEAKS990061.interval;/home_local/ivanyev/egrid/dfs/ctrl-subsampled0.1/peaks-interval/cpics/PEAKS990061.interval;	155	0,00431	NOT_PAIRED_END	0,00190	0,957742	1,02809	0,958139	23,880051	1,32658	1313	NOT_PAIRED_END	17 218 139	86,1
EXP990062	ZFP3	/home_local/mihaialbu/Codebook/ChIPSeq_2/RawData/Sample_Hughes_10B_ZFP3_FS0244/Hughes_10B_ZFP3_FS0244_AGTTCC_L005_R1_001.fastq.gz;/home_local/mihaialbu/Codebook/ChIPSeq_2/RawData/Sample_Hughes_10B_ZFP3_FS0244/Hughes_10B_ZFP3_FS0244_AGTTCC_L006_R1_001.fastq.gz	/home_local/ivanyev/egrid/dfs/ctrl-subsampled0.1/peaks-interval/macs2-nomodel/PEAKS990062.interval;/home_local/ivanyev/egrid/dfs/ctrl-subsampled0.1/peaks-interval/gem/PEAKS990062.interval;/home_local/ivanyev/egrid/dfs/ctrl-subsampled0.1/peaks-interval/sissrs/PEAKS990062.interval;/home_local/ivanyev/egrid/dfs/ctrl-subsampled0.1/peaks-interval/cpics/PEAKS990062.interval;	135	0,00544	NOT_PAIRED_END	0,00395	0,846091	1,159392	0,842583	6,177955	6,897975	1514	NOT_PAIRED_END	15 034 983	86,7
EXP990063	ZNF18	/home_local/mihaialbu/Codebook/ChIPSeq_2/RawData/Sample_Hughes_SI0563_ZNF18/Hughes_SI0563_ZNF18_ACTGAT_L004_R1_001.fastq.gz;/home_local/mihaialbu/Codebook/ChIPSeq_2/RawData/Sample_Hughes_SI0563_ZNF18/Hughes_SI0563_ZNF18_ACTGAT_L005_R1_001.fastq.gz	/home_local/ivanyev/egrid/dfs/ctrl-subsampled0.1/peaks-interval/macs2-nomodel/PEAKS990063.interval;/home_local/ivanyev/egrid/dfs/ctrl-subsampled0.1/peaks-interval/gem/PEAKS990063.interval;/home_local/ivanyev/egrid/dfs/ctrl-subsampled0.1/peaks-interval/sissrs/PEAKS990063.interval;/home_local/ivanyev/egrid/dfs/ctrl-subsampled0.1/peaks-interval/cpics/PEAKS990063.interval;	145	0,01813	NOT_PAIRED_END	0,01268	0,950166	1,073744	0,950721	20,304366	1,76662	8632	NOT_PAIRED_END	18 595 549	85,9
EXP990064	ZNF250	/home_local/mihaialbu/Codebook/ChIPSeq_2/RawData/Sample_Hughes_SI0321_ZNF250/Hughes_SI0321_ZNF250_GTTTCG_L005_R1_001.fastq.gz;/home_local/mihaialbu/Codebook/ChIPSeq_2/RawData/Sample_Hughes_SI0321_ZNF250/Hughes_SI0321_ZNF250_GTTTCG_L006_R1_001.fastq.gz	/home_local/ivanyev/egrid/dfs/ctrl-subsampled0.1/peaks-interval/macs2-nomodel/PEAKS990064.interval;/home_local/ivanyev/egrid/dfs/ctrl-subsampled0.1/peaks-interval/gem/PEAKS990064.interval;/home_local/ivanyev/egrid/dfs/ctrl-subsampled0.1/peaks-interval/sissrs/PEAKS990064.interval;/home_local/ivanyev/egrid/dfs/ctrl-subsampled0.1/peaks-interval/cpics/PEAKS990064.interval;	135	0,00467	NOT_PAIRED_END	0,00222	0,979853	1,016593	0,980921	53,119485	0,9097642	1176	NOT_PAIRED_END	16 996 277	86,0
EXP990065	ZNF280A	/home_local/mihaialbu/Codebook/ChIPSeq_2/RawData/Sample_Hughes_SI0576_ZNF280A/Hughes_SI0576_ZNF280A_AGTCAA_L002_R1_001.fastq.gz	/home_local/ivanyev/egrid/dfs/ctrl-subsampled0.1/peaks-interval/macs2-nomodel/PEAKS990065.interval;/home_local/ivanyev/egrid/dfs/ctrl-subsampled0.1/peaks-interval/gem/PEAKS990065.interval;/home_local/ivanyev/egrid/dfs/ctrl-subsampled0.1/peaks-interval/sissrs/PEAKS990065.interval;/home_local/ivanyev/egrid/dfs/ctrl-subsampled0.1/peaks-interval/cpics/PEAKS990065.interval;	160	0,03102	NOT_PAIRED_END	0,02186	0,818327	1,168173	0,810872	5,043084	3,114448	15216	NOT_PAIRED_END	15 173 699	83,9
EXP990066	ZNF322	/home_local/mihaialbu/Codebook/ChIPSeq_2/RawData/Sample_Hughes_SI0289_ZNF322/Hughes_SI0289_ZNF322_TAGCTT_L007_R1_001.fastq.gz;/home_local/mihaialbu/Codebook/ChIPSeq_2/RawData/Sample_Hughes_SI0289_ZNF322/Hughes_SI0289_ZNF322_TAGCTT_L008_R1_001.fastq.gz	/home_local/ivanyev/egrid/dfs/ctrl-subsampled0.1/peaks-interval/macs2-nomodel/PEAKS990066.interval;/home_local/ivanyev/egrid/dfs/ctrl-subsampled0.1/peaks-interval/gem/PEAKS990066.interval;/home_local/ivanyev/egrid/dfs/ctrl-subsampled0.1/peaks-interval/sissrs/PEAKS990066.interval;/home_local/ivanyev/egrid/dfs/ctrl-subsampled0.1/peaks-interval/cpics/PEAKS990066.interval;	135	0,00794	NOT_PAIRED_END	0,00447	0,785048	1,171078	0,777207	4,305626	6,933147	2419	NOT_PAIRED_END	16 502 970	87,1
EXP990067	ZNF382	/home_local/mihaialbu/Codebook/ChIPSeq_2/RawData/Sample_Hughes_5_CHIP_ZNF382/Hughes_5_CHIP_ZNF382_ACAGTG_L001_R1_001.fastq.gz;/home_local/mihaialbu/Codebook/ChIPSeq_2/RawData/Sample_Hughes_5_CHIP_ZNF382/Hughes_5_CHIP_ZNF382_ACAGTG_L002_R1_001.fastq.gz	/home_local/ivanyev/egrid/dfs/ctrl-subsampled0.1/peaks-interval/macs2-nomodel/PEAKS990067.interval;/home_local/ivanyev/egrid/dfs/ctrl-subsampled0.1/peaks-interval/gem/PEAKS990067.interval;/home_local/ivanyev/egrid/dfs/ctrl-subsampled0.1/peaks-interval/sissrs/PEAKS990067.interval;/home_local/ivanyev/egrid/dfs/ctrl-subsampled0.1/peaks-interval/cpics/PEAKS990067.interval;	145	0,04656	NOT_PAIRED_END	0,03355	0,765006	1,358756	0,755054	3,889699	3,171406	22898	NOT_PAIRED_END	12 582 710	89,4
EXP990068	ZNF382	/home_local/mihaialbu/Codebook/ChIPSeq_2/RawData/Sample_Hughes_11_CHIP_ZNF382/Hughes_11_CHIP_ZNF382_GGCTAC_L001_R1_001.fastq.gz;/home_local/mihaialbu/Codebook/ChIPSeq_2/RawData/Sample_Hughes_11_CHIP_ZNF382/Hughes_11_CHIP_ZNF382_GGCTAC_L002_R1_001.fastq.gz	/home_local/ivanyev/egrid/dfs/ctrl-subsampled0.1/peaks-interval/macs2-nomodel/PEAKS990068.interval;/home_local/ivanyev/egrid/dfs/ctrl-subsampled0.1/peaks-interval/gem/PEAKS990068.interval;/home_local/ivanyev/egrid/dfs/ctrl-subsampled0.1/peaks-interval/sissrs/PEAKS990068.interval;/home_local/ivanyev/egrid/dfs/ctrl-subsampled0.1/peaks-interval/cpics/PEAKS990068.interval;	145	0,04058	NOT_PAIRED_END	0,02654	0,948719	1,139555	0,949961	20,133681	1,499995	21374	NOT_PAIRED_END	22 013 936	88,3
EXP990069	ZNF382	/home_local/mihaialbu/Codebook/ChIPSeq_2/RawData/Sample_Hughes_6_ZNF382_FS129/Hughes_6_ZNF382_FS129_GCCAAT_L005_R1_001.fastq.gz;/home_local/mihaialbu/Codebook/ChIPSeq_2/RawData/Sample_Hughes_6_ZNF382_FS129/Hughes_6_ZNF382_FS129_GCCAAT_L006_R1_001.fastq.gz	/home_local/ivanyev/egrid/dfs/ctrl-subsampled0.1/peaks-interval/macs2-nomodel/PEAKS990069.interval;/home_local/ivanyev/egrid/dfs/ctrl-subsampled0.1/peaks-interval/gem/PEAKS990069.interval;/home_local/ivanyev/egrid/dfs/ctrl-subsampled0.1/peaks-interval/sissrs/PEAKS990069.interval;/home_local/ivanyev/egrid/dfs/ctrl-subsampled0.1/peaks-interval/cpics/PEAKS990069.interval;	145	0,02346	NOT_PAIRED_END	0,01988	0,733674	1,35716	0,722138	3,419914	7,392397	9545	NOT_PAIRED_END	15 613 412	84,6
EXP990070	ZNF382	/home_local/mihaialbu/Codebook/ChIPSeq_2/RawData/Sample_Hughes_SI0571_ZNF382/Hughes_SI0571_ZNF382_TGACCA_L002_R1_001.fastq.gz	/home_local/ivanyev/egrid/dfs/ctrl-subsampled0.1/peaks-interval/macs2-nomodel/PEAKS990070.interval;/home_local/ivanyev/egrid/dfs/ctrl-subsampled0.1/peaks-interval/gem/PEAKS990070.interval;/home_local/ivanyev/egrid/dfs/ctrl-subsampled0.1/peaks-interval/sissrs/PEAKS990070.interval;/home_local/ivanyev/egrid/dfs/ctrl-subsampled0.1/peaks-interval/cpics/PEAKS990070.interval;	155	0,13911	NOT_PAIRED_END	0,09432	0,867696	1,715003	0,866079	7,313922	1,870959	53596	NOT_PAIRED_END	12 402 418	84,1
EXP990071	ZNF454	/home_local/mihaialbu/Codebook/ChIPSeq_2/RawData/Sample_Hughes_5A_ZNF454_FS0206/Hughes_5A_ZNF454_FS0206_ACAGTG_L007_R1_001.fastq.gz;/home_local/mihaialbu/Codebook/ChIPSeq_2/RawData/Sample_Hughes_5A_ZNF454_FS0206/Hughes_5A_ZNF454_FS0206_ACAGTG_L008_R1_001.fastq.gz	/home_local/ivanyev/egrid/dfs/ctrl-subsampled0.1/peaks-interval/macs2-nomodel/PEAKS990071.interval;/home_local/ivanyev/egrid/dfs/ctrl-subsampled0.1/peaks-interval/gem/PEAKS990071.interval;/home_local/ivanyev/egrid/dfs/ctrl-subsampled0.1/peaks-interval/sissrs/PEAKS990071.interval;/home_local/ivanyev/egrid/dfs/ctrl-subsampled0.1/peaks-interval/cpics/PEAKS990071.interval;	145	0,00187	NOT_PAIRED_END	0,00122	0,906416	1,049316	0,905777	10,469043	2,829736	251	NOT_PAIRED_END	17 897 966	85,1
EXP990073	ZNF22	/home_local/mihaialbu/Codebook/ChIPSeq_2/RawData/Sample_Hughes_1_ZNF22_Chip/Hughes_1_ZNF22_Chip_ATCACG_L001_R1_001.fastq.gz;/home_local/mihaialbu/Codebook/ChIPSeq_2/RawData/Sample_Hughes_1_ZNF22_Chip/Hughes_1_ZNF22_Chip_ATCACG_L002_R1_001.fastq.gz	/home_local/ivanyev/egrid/dfs/ctrl-subsampled0.1/peaks-interval/macs2-nomodel/PEAKS990073.interval;/home_local/ivanyev/egrid/dfs/ctrl-subsampled0.1/peaks-interval/gem/PEAKS990073.interval;/home_local/ivanyev/egrid/dfs/ctrl-subsampled0.1/peaks-interval/sissrs/PEAKS990073.interval;/home_local/ivanyev/egrid/dfs/ctrl-subsampled0.1/peaks-interval/cpics/PEAKS990073.interval;	130	0,01241	NOT_PAIRED_END	0,31591	0,300012	5,451562	0,372262	2,229434	35,56598	3349	NOT_PAIRED_END	7 339 501	88,6
EXP990074	ZNF99	/home_local/mihaialbu/Codebook/ChIPSeq_2/RawData/Sample_Hughes_4A_ZNF99_FS0205/Hughes_4A_ZNF99_FS0205_TGACCA_L007_R1_001.fastq.gz;/home_local/mihaialbu/Codebook/ChIPSeq_2/RawData/Sample_Hughes_4A_ZNF99_FS0205/Hughes_4A_ZNF99_FS0205_TGACCA_L008_R1_001.fastq.gz	/home_local/ivanyev/egrid/dfs/ctrl-subsampled0.1/peaks-interval/macs2-nomodel/PEAKS990074.interval;/home_local/ivanyev/egrid/dfs/ctrl-subsampled0.1/peaks-interval/gem/PEAKS990074.interval;/home_local/ivanyev/egrid/dfs/ctrl-subsampled0.1/peaks-interval/sissrs/PEAKS990074.interval;/home_local/ivanyev/egrid/dfs/ctrl-subsampled0.1/peaks-interval/cpics/PEAKS990074.interval;	145	0,12120	NOT_PAIRED_END	0,04249	0,973722	1,095708	0,974167	38,958034	1,324085	94921	NOT_PAIRED_END	15 680 514	84,6
EXP990075	ZNF99	/home_local/mihaialbu/Codebook/ChIPSeq_2/RawData/Sample_Hughes_4_ZNF99_Chip/Hughes_4_ZNF99_Chip_GATCAG_L001_R1_001.fastq.gz;/home_local/mihaialbu/Codebook/ChIPSeq_2/RawData/Sample_Hughes_4_ZNF99_Chip/Hughes_4_ZNF99_Chip_GATCAG_L002_R1_001.fastq.gz	/home_local/ivanyev/egrid/dfs/ctrl-subsampled0.1/peaks-interval/macs2-nomodel/PEAKS990075.interval;/home_local/ivanyev/egrid/dfs/ctrl-subsampled0.1/peaks-interval/gem/PEAKS990075.interval;/home_local/ivanyev/egrid/dfs/ctrl-subsampled0.1/peaks-interval/sissrs/PEAKS990075.interval;/home_local/ivanyev/egrid/dfs/ctrl-subsampled0.1/peaks-interval/cpics/PEAKS990075.interval;	145	0,01198	NOT_PAIRED_END	0,00416	0,964169	1,051103	0,964701	28,410878	1,424126	6466	NOT_PAIRED_END	11 788 103	88,8
EXP990076	ZNF22	/home_local/mihaialbu/Codebook/ChIPSeq_2/RawData/Sample_Hughes_SI0209_ZNF22/Hughes_SI0209_ZNF22_TAGCTT_L002_R1_001.fastq.gz;/home_local/mihaialbu/Codebook/ChIPSeq_2/RawData/Sample_Hughes_SI0209_ZNF22/Hughes_SI0209_ZNF22_TAGCTT_L003_R1_001.fastq.gz	/home_local/ivanyev/egrid/dfs/ctrl-subsampled0.1/peaks-interval/macs2-nomodel/PEAKS990076.interval;/home_local/ivanyev/egrid/dfs/ctrl-subsampled0.1/peaks-interval/gem/PEAKS990076.interval;/home_local/ivanyev/egrid/dfs/ctrl-subsampled0.1/peaks-interval/sissrs/PEAKS990076.interval;/home_local/ivanyev/egrid/dfs/ctrl-subsampled0.1/peaks-interval/cpics/PEAKS990076.interval;	150	0,00159	NOT_PAIRED_END	0,00111	0,965232	1,019712	0,966116	29,615124	1,173481	153	NOT_PAIRED_END	20 936 949	84,8
EXP990077	ZNF22	/home_local/mihaialbu/Codebook/ChIPSeq_2/RawData/Sample_Hughes_SI0579_ZNF22/Hughes_SI0579_ZNF22_CCGTCC_L002_R1_001.fastq.gz	/home_local/ivanyev/egrid/dfs/ctrl-subsampled0.1/peaks-interval/macs2-nomodel/PEAKS990077.interval;/home_local/ivanyev/egrid/dfs/ctrl-subsampled0.1/peaks-interval/gem/PEAKS990077.interval;/home_local/ivanyev/egrid/dfs/ctrl-subsampled0.1/peaks-interval/sissrs/PEAKS990077.interval;/home_local/ivanyev/egrid/dfs/ctrl-subsampled0.1/peaks-interval/cpics/PEAKS990077.interval;	140	0,00382	NOT_PAIRED_END	0,00138	0,828076	1,107043	0,822807	5,441726	4,804919	249	NOT_PAIRED_END	13 711 078	82,6
EXP990078	ZNF30	/home_local/mihaialbu/Codebook/ChIPSeq_2/RawData/Sample_Hughes_SI0241_ZNF30/Hughes_SI0241_ZNF30_ATCACG_L001_R1_001.fastq.gz;/home_local/mihaialbu/Codebook/ChIPSeq_2/RawData/Sample_Hughes_SI0241_ZNF30/Hughes_SI0241_ZNF30_ATCACG_L002_R1_001.fastq.gz	/home_local/ivanyev/egrid/dfs/ctrl-subsampled0.1/peaks-interval/macs2-nomodel/PEAKS990078.interval;/home_local/ivanyev/egrid/dfs/ctrl-subsampled0.1/peaks-interval/gem/PEAKS990078.interval;/home_local/ivanyev/egrid/dfs/ctrl-subsampled0.1/peaks-interval/sissrs/PEAKS990078.interval;/home_local/ivanyev/egrid/dfs/ctrl-subsampled0.1/peaks-interval/cpics/PEAKS990078.interval;	150	0,00592	NOT_PAIRED_END	0,00203	0,965666	1,03118	0,966483	29,956272	1,675932	1223	NOT_PAIRED_END	20 660 163	86,6
EXP990079	ZNF30	/home_local/mihaialbu/Codebook/ChIPSeq_2/RawData/Sample_Hughes_SI0254_ZNF30/Hughes_SI0254_ZNF30_AGTTCC_L001_R1_001.fastq.gz;/home_local/mihaialbu/Codebook/ChIPSeq_2/RawData/Sample_Hughes_SI0254_ZNF30/Hughes_SI0254_ZNF30_AGTTCC_L002_R1_001.fastq.gz	/home_local/ivanyev/egrid/dfs/ctrl-subsampled0.1/peaks-interval/macs2-nomodel/PEAKS990079.interval;/home_local/ivanyev/egrid/dfs/ctrl-subsampled0.1/peaks-interval/gem/PEAKS990079.interval;/home_local/ivanyev/egrid/dfs/ctrl-subsampled0.1/peaks-interval/sissrs/PEAKS990079.interval;/home_local/ivanyev/egrid/dfs/ctrl-subsampled0.1/peaks-interval/cpics/PEAKS990079.interval;	165	0,00762	NOT_PAIRED_END	0,00266	0,940966	1,043282	0,941339	16,991122	2,247759	2789	NOT_PAIRED_END	22 056 925	86,8
EXP990080	ZNF30	/home_local/mihaialbu/Codebook/ChIPSeq_2/RawData/Sample_Hughes_SI0587_ZNF30/Hughes_SI0587_ZNF30_GTGGCC_L003_R1_001.fastq.gz	/home_local/ivanyev/egrid/dfs/ctrl-subsampled0.1/peaks-interval/macs2-nomodel/PEAKS990080.interval;/home_local/ivanyev/egrid/dfs/ctrl-subsampled0.1/peaks-interval/gem/PEAKS990080.interval;/home_local/ivanyev/egrid/dfs/ctrl-subsampled0.1/peaks-interval/sissrs/PEAKS990080.interval;/home_local/ivanyev/egrid/dfs/ctrl-subsampled0.1/peaks-interval/cpics/PEAKS990080.interval;	140	0,00787	NOT_PAIRED_END	0,00289	0,885577	1,080925	0,883796	8,435636	3,686945	936	NOT_PAIRED_END	17 271 093	82,8
EXP990081	ZNF35	/home_local/mihaialbu/Codebook/ChIPSeq_2/RawData/Sample_Hughes_SI0227_ZNF35/Hughes_SI0227_ZNF35_ACAGTG_L006_R1_001.fastq.gz;/home_local/mihaialbu/Codebook/ChIPSeq_2/RawData/Sample_Hughes_SI0227_ZNF35/Hughes_SI0227_ZNF35_ACAGTG_L007_R1_001.fastq.gz	/home_local/ivanyev/egrid/dfs/ctrl-subsampled0.1/peaks-interval/macs2-nomodel/PEAKS990081.interval;/home_local/ivanyev/egrid/dfs/ctrl-subsampled0.1/peaks-interval/gem/PEAKS990081.interval;/home_local/ivanyev/egrid/dfs/ctrl-subsampled0.1/peaks-interval/sissrs/PEAKS990081.interval;/home_local/ivanyev/egrid/dfs/ctrl-subsampled0.1/peaks-interval/cpics/PEAKS990081.interval;	135	0,10646	NOT_PAIRED_END	0,03972	0,882956	1,15982	0,88135	8,283697	1,853234	74813	NOT_PAIRED_END	24 461 173	88,6
EXP990082	ZNF121	/home_local/mihaialbu/Codebook/ChIPSeq_2/RawData/Sample_Hughes_SI0218_ZNF121/Hughes_SI0218_ZNF121_GTTTCG_L002_R1_001.fastq.gz;/home_local/mihaialbu/Codebook/ChIPSeq_2/RawData/Sample_Hughes_SI0218_ZNF121/Hughes_SI0218_ZNF121_GTTTCG_L003_R1_001.fastq.gz	/home_local/ivanyev/egrid/dfs/ctrl-subsampled0.1/peaks-interval/macs2-nomodel/PEAKS990082.interval;/home_local/ivanyev/egrid/dfs/ctrl-subsampled0.1/peaks-interval/gem/PEAKS990082.interval;/home_local/ivanyev/egrid/dfs/ctrl-subsampled0.1/peaks-interval/sissrs/PEAKS990082.interval;/home_local/ivanyev/egrid/dfs/ctrl-subsampled0.1/peaks-interval/cpics/PEAKS990082.interval;	155	0,06289	NOT_PAIRED_END	0,03145	0,962191	1,087878	0,962773	26,96396	1,82079	46486	NOT_PAIRED_END	19 144 879	85,7
EXP990083	ZNF121	/home_local/mihaialbu/Codebook/ChIPSeq_2/RawData/Sample_Hughes_SI0266_ZNF121/Hughes_SI0266_ZNF121_GATCAG_L003_R1_001.fastq.gz;/home_local/mihaialbu/Codebook/ChIPSeq_2/RawData/Sample_Hughes_SI0266_ZNF121/Hughes_SI0266_ZNF121_GATCAG_L004_R1_001.fastq.gz	/home_local/ivanyev/egrid/dfs/ctrl-subsampled0.1/peaks-interval/macs2-nomodel/PEAKS990083.interval;/home_local/ivanyev/egrid/dfs/ctrl-subsampled0.1/peaks-interval/gem/PEAKS990083.interval;/home_local/ivanyev/egrid/dfs/ctrl-subsampled0.1/peaks-interval/sissrs/PEAKS990083.interval;/home_local/ivanyev/egrid/dfs/ctrl-subsampled0.1/peaks-interval/cpics/PEAKS990083.interval;	165	0,02149	NOT_PAIRED_END	0,01092	0,973951	1,038891	0,974981	40,35003	1,551792	15381	NOT_PAIRED_END	21 020 475	86,2
EXP990084	ZNF134	/home_local/mihaialbu/Codebook/ChIPSeq_2/RawData/Sample_Hughes_SI0427_ZNF134/Hughes_SI0427_ZNF134_AGTTCC_L001_R1_001.fastq.gz;/home_local/mihaialbu/Codebook/ChIPSeq_2/RawData/Sample_Hughes_SI0427_ZNF134/Hughes_SI0427_ZNF134_AGTTCC_L002_R1_001.fastq.gz	/home_local/ivanyev/egrid/dfs/ctrl-subsampled0.1/peaks-interval/macs2-nomodel/PEAKS990084.interval;/home_local/ivanyev/egrid/dfs/ctrl-subsampled0.1/peaks-interval/gem/PEAKS990084.interval;/home_local/ivanyev/egrid/dfs/ctrl-subsampled0.1/peaks-interval/sissrs/PEAKS990084.interval;/home_local/ivanyev/egrid/dfs/ctrl-subsampled0.1/peaks-interval/cpics/PEAKS990084.interval;	150	0,01063	NOT_PAIRED_END	0,00823	0,94064	1,058806	0,941287	16,98896	2,152169	4959	NOT_PAIRED_END	16 722 203	86,2
EXP990085	ZIM3	/home_local/mihaialbu/Codebook/ChIPSeq_2/RawData/Sample_Hughes_SI0545_ZIM3/Hughes_SI0545_ZIM3_ACAGTG_L004_R1_001.fastq.gz;/home_local/mihaialbu/Codebook/ChIPSeq_2/RawData/Sample_Hughes_SI0545_ZIM3/Hughes_SI0545_ZIM3_ACAGTG_L005_R1_001.fastq.gz	/home_local/ivanyev/egrid/dfs/ctrl-subsampled0.1/peaks-interval/macs2-nomodel/PEAKS990085.interval;/home_local/ivanyev/egrid/dfs/ctrl-subsampled0.1/peaks-interval/gem/PEAKS990085.interval;/home_local/ivanyev/egrid/dfs/ctrl-subsampled0.1/peaks-interval/sissrs/PEAKS990085.interval;/home_local/ivanyev/egrid/dfs/ctrl-subsampled0.1/peaks-interval/cpics/PEAKS990085.interval;	145	0,04195	NOT_PAIRED_END	0,02768	0,975895	1,099417	0,976678	43,498517	1,790371	23674	NOT_PAIRED_END	17 426 224	86,6
EXP990086	ZNF264	/home_local/mihaialbu/Codebook/ChIPSeq_2/RawData/Sample_Hughes_6_ZNF264_A_Chip/Hughes_6_ZNF264_A_Chip_GGCTAC_L001_R1_001.fastq.gz;/home_local/mihaialbu/Codebook/ChIPSeq_2/RawData/Sample_Hughes_6_ZNF264_A_Chip/Hughes_6_ZNF264_A_Chip_GGCTAC_L002_R1_001.fastq.gz	/home_local/ivanyev/egrid/dfs/ctrl-subsampled0.1/peaks-interval/macs2-nomodel/PEAKS990086.interval;/home_local/ivanyev/egrid/dfs/ctrl-subsampled0.1/peaks-interval/gem/PEAKS990086.interval;/home_local/ivanyev/egrid/dfs/ctrl-subsampled0.1/peaks-interval/sissrs/PEAKS990086.interval;/home_local/ivanyev/egrid/dfs/ctrl-subsampled0.1/peaks-interval/cpics/PEAKS990086.interval;	160	0,00709	NOT_PAIRED_END	0,04814	0,322875	1,782699	0,268219	1,238782	13,42627	2749	NOT_PAIRED_END	22 517 383	88,3
EXP990087	ZNF384	/home_local/mihaialbu/Codebook/ChIPSeq_2/RawData/Sample_Hughes_SI0524_ZNF384/Hughes_SI0524_ZNF384_ATCACG_L007_R1_001.fastq.gz;/home_local/mihaialbu/Codebook/ChIPSeq_2/RawData/Sample_Hughes_SI0524_ZNF384/Hughes_SI0524_ZNF384_ATCACG_L008_R1_001.fastq.gz	/home_local/ivanyev/egrid/dfs/ctrl-subsampled0.1/peaks-interval/macs2-nomodel/PEAKS990087.interval;/home_local/ivanyev/egrid/dfs/ctrl-subsampled0.1/peaks-interval/gem/PEAKS990087.interval;/home_local/ivanyev/egrid/dfs/ctrl-subsampled0.1/peaks-interval/sissrs/PEAKS990087.interval;/home_local/ivanyev/egrid/dfs/ctrl-subsampled0.1/peaks-interval/cpics/PEAKS990087.interval;	145	0,29059	NOT_PAIRED_END	0,09151	0,900176	1,307615	0,899499	9,866412	2,087203	252957	NOT_PAIRED_END	19 306 970	85,2
EXP990088	ZNF436	/home_local/mihaialbu/Codebook/ChIPSeq_2/RawData/Sample_Hughes_SI0433_ZNF436/Hughes_SI0433_ZNF436_GTTTCG_L001_R1_001.fastq.gz;/home_local/mihaialbu/Codebook/ChIPSeq_2/RawData/Sample_Hughes_SI0433_ZNF436/Hughes_SI0433_ZNF436_GTTTCG_L002_R1_001.fastq.gz	/home_local/ivanyev/egrid/dfs/ctrl-subsampled0.1/peaks-interval/macs2-nomodel/PEAKS990088.interval;/home_local/ivanyev/egrid/dfs/ctrl-subsampled0.1/peaks-interval/gem/PEAKS990088.interval;/home_local/ivanyev/egrid/dfs/ctrl-subsampled0.1/peaks-interval/sissrs/PEAKS990088.interval;/home_local/ivanyev/egrid/dfs/ctrl-subsampled0.1/peaks-interval/cpics/PEAKS990088.interval;	150	0,02043	NOT_PAIRED_END	0,01270	0,817135	1,171624	0,812172	5,149076	2,946487	4674	NOT_PAIRED_END	18 229 828	86,9
EXP990089	ZNF490	/home_local/mihaialbu/Codebook/ChIPSeq_2/RawData/Sample_Hughes_SI0271_ZNF490/Hughes_SI0271_ZNF490_AGTTCC_L003_R1_001.fastq.gz;/home_local/mihaialbu/Codebook/ChIPSeq_2/RawData/Sample_Hughes_SI0271_ZNF490/Hughes_SI0271_ZNF490_AGTTCC_L004_R1_001.fastq.gz	/home_local/ivanyev/egrid/dfs/ctrl-subsampled0.1/peaks-interval/macs2-nomodel/PEAKS990089.interval;/home_local/ivanyev/egrid/dfs/ctrl-subsampled0.1/peaks-interval/gem/PEAKS990089.interval;/home_local/ivanyev/egrid/dfs/ctrl-subsampled0.1/peaks-interval/sissrs/PEAKS990089.interval;/home_local/ivanyev/egrid/dfs/ctrl-subsampled0.1/peaks-interval/cpics/PEAKS990089.interval;	145	0,04733	NOT_PAIRED_END	0,04035	0,964316	1,298652	0,966842	31,50329	2,274188	14347	NOT_PAIRED_END	19 693 701	86,0
EXP990090	ZNF8	/home_local/mihaialbu/Codebook/ChIPSeq_2/RawData/Sample_Hughes_SI0496_ZNF8/Hughes_SI0496_ZNF8_GTGGCC_L003_R1_001.fastq.gz;/home_local/mihaialbu/Codebook/ChIPSeq_2/RawData/Sample_Hughes_SI0496_ZNF8/Hughes_SI0496_ZNF8_GTGGCC_L004_R1_001.fastq.gz	/home_local/ivanyev/egrid/dfs/ctrl-subsampled0.1/peaks-interval/macs2-nomodel/PEAKS990090.interval;/home_local/ivanyev/egrid/dfs/ctrl-subsampled0.1/peaks-interval/gem/PEAKS990090.interval;/home_local/ivanyev/egrid/dfs/ctrl-subsampled0.1/peaks-interval/sissrs/PEAKS990090.interval;/home_local/ivanyev/egrid/dfs/ctrl-subsampled0.1/peaks-interval/cpics/PEAKS990090.interval;	145	0,01202	NOT_PAIRED_END	0,00867	0,775778	1,214189	0,769009	4,180874	7,233345	6408	NOT_PAIRED_END	19 026 303	86,0
EXP990091	ZNF260	/home_local/mihaialbu/Codebook/ChIPSeq_2/RawData/Sample_Hughes_SI0551_ZNF260/Hughes_SI0551_ZNF260_GGCTAC_L004_R1_001.fastq.gz;/home_local/mihaialbu/Codebook/ChIPSeq_2/RawData/Sample_Hughes_SI0551_ZNF260/Hughes_SI0551_ZNF260_GGCTAC_L005_R1_001.fastq.gz	/home_local/ivanyev/egrid/dfs/ctrl-subsampled0.1/peaks-interval/macs2-nomodel/PEAKS990091.interval;/home_local/ivanyev/egrid/dfs/ctrl-subsampled0.1/peaks-interval/gem/PEAKS990091.interval;/home_local/ivanyev/egrid/dfs/ctrl-subsampled0.1/peaks-interval/sissrs/PEAKS990091.interval;/home_local/ivanyev/egrid/dfs/ctrl-subsampled0.1/peaks-interval/cpics/PEAKS990091.interval;	150	0,01123	NOT_PAIRED_END	0,00499	0,963383	1,028838	0,964199	28,016786	1,31286	5244	NOT_PAIRED_END	22 561 356	86,4
EXP990092	ZNF582	/home_local/mihaialbu/Codebook/ChIPSeq_2/RawData/Sample_Hughes_SI0233_ZNF582/Hughes_SI0233_ZNF582_GGCTAC_L006_R1_001.fastq.gz;/home_local/mihaialbu/Codebook/ChIPSeq_2/RawData/Sample_Hughes_SI0233_ZNF582/Hughes_SI0233_ZNF582_GGCTAC_L007_R1_001.fastq.gz	/home_local/ivanyev/egrid/dfs/ctrl-subsampled0.1/peaks-interval/macs2-nomodel/PEAKS990092.interval;/home_local/ivanyev/egrid/dfs/ctrl-subsampled0.1/peaks-interval/gem/PEAKS990092.interval;/home_local/ivanyev/egrid/dfs/ctrl-subsampled0.1/peaks-interval/sissrs/PEAKS990092.interval;/home_local/ivanyev/egrid/dfs/ctrl-subsampled0.1/peaks-interval/cpics/PEAKS990092.interval;	150	0,00489	NOT_PAIRED_END	0,00118	0,931651	1,050328	0,931926	14,625717	2,973949	252	NOT_PAIRED_END	19 963 527	86,7
EXP990093	ZNF582	/home_local/mihaialbu/Codebook/ChIPSeq_2/RawData/Sample_Hughes_SI_327_1in10/Hughes_SI_327_1in10_CGATGT_L004_R1_001.fastq.gz;/home_local/mihaialbu/Codebook/ChIPSeq_2/RawData/Sample_Hughes_SI_327_1in10/Hughes_SI_327_1in10_CGATGT_L005_R1_001.fastq.gz	/home_local/ivanyev/egrid/dfs/ctrl-subsampled0.1/peaks-interval/macs2-nomodel/PEAKS990093.interval;/home_local/ivanyev/egrid/dfs/ctrl-subsampled0.1/peaks-interval/gem/PEAKS990093.interval;/home_local/ivanyev/egrid/dfs/ctrl-subsampled0.1/peaks-interval/sissrs/PEAKS990093.interval;/home_local/ivanyev/egrid/dfs/ctrl-subsampled0.1/peaks-interval/cpics/PEAKS990093.interval;	150	0,00339	NOT_PAIRED_END	0,00132	0,983354	1,011226	0,984502	65,571378	0,6312082	385	NOT_PAIRED_END	19 743 364	85,9
EXP990094	ZNF596	/home_local/mihaialbu/Codebook/ChIPSeq_2/RawData/Sample_Hughes_SI0474_ZNF596/Hughes_SI0474_ZNF596_GTGGCC_L001_R1_001.fastq.gz;/home_local/mihaialbu/Codebook/ChIPSeq_2/RawData/Sample_Hughes_SI0474_ZNF596/Hughes_SI0474_ZNF596_GTGGCC_L002_R1_001.fastq.gz	/home_local/ivanyev/egrid/dfs/ctrl-subsampled0.1/peaks-interval/macs2-nomodel/PEAKS990094.interval;/home_local/ivanyev/egrid/dfs/ctrl-subsampled0.1/peaks-interval/gem/PEAKS990094.interval;/home_local/ivanyev/egrid/dfs/ctrl-subsampled0.1/peaks-interval/sissrs/PEAKS990094.interval;/home_local/ivanyev/egrid/dfs/ctrl-subsampled0.1/peaks-interval/cpics/PEAKS990094.interval;	150	0,00607	NOT_PAIRED_END	0,00179	0,91786	1,046915	0,917572	12,010326	2,685792	1294	NOT_PAIRED_END	21 313 542	87,7
EXP990095	ZNF770	/home_local/mihaialbu/Codebook/ChIPSeq_2/RawData/Sample_Hughes_SI0212_ZNF770/Hughes_SI0212_ZNF770_AGTTCC_L002_R1_001.fastq.gz;/home_local/mihaialbu/Codebook/ChIPSeq_2/RawData/Sample_Hughes_SI0212_ZNF770/Hughes_SI0212_ZNF770_AGTTCC_L003_R1_001.fastq.gz	/home_local/ivanyev/egrid/dfs/ctrl-subsampled0.1/peaks-interval/macs2-nomodel/PEAKS990095.interval;/home_local/ivanyev/egrid/dfs/ctrl-subsampled0.1/peaks-interval/gem/PEAKS990095.interval;/home_local/ivanyev/egrid/dfs/ctrl-subsampled0.1/peaks-interval/sissrs/PEAKS990095.interval;/home_local/ivanyev/egrid/dfs/ctrl-subsampled0.1/peaks-interval/cpics/PEAKS990095.interval;	140	0,13987	NOT_PAIRED_END	0,06790	0,951893	1,301223	0,953457	21,882818	1,967195	88957	NOT_PAIRED_END	19 346 565	85,1
EXP990097	ZFP28	/home_local/mihaialbu/Codebook/ChIPSeq_2/RawData/Sample_Hughes_SI0216_ZFP28/Hughes_SI0216_ZFP28_GTGAAA_L002_R1_001.fastq.gz;/home_local/mihaialbu/Codebook/ChIPSeq_2/RawData/Sample_Hughes_SI0216_ZFP28/Hughes_SI0216_ZFP28_GTGAAA_L003_R1_001.fastq.gz	/home_local/ivanyev/egrid/dfs/ctrl-subsampled0.1/peaks-interval/macs2-nomodel/PEAKS990097.interval;/home_local/ivanyev/egrid/dfs/ctrl-subsampled0.1/peaks-interval/gem/PEAKS990097.interval;/home_local/ivanyev/egrid/dfs/ctrl-subsampled0.1/peaks-interval/sissrs/PEAKS990097.interval;/home_local/ivanyev/egrid/dfs/ctrl-subsampled0.1/peaks-interval/cpics/PEAKS990097.interval;	155	0,00807	NOT_PAIRED_END	0,00508	0,972445	1,032319	0,973227	37,622241	1,321992	2271	NOT_PAIRED_END	16 803 522	85,9
EXP990098	ZFP28	/home_local/mihaialbu/Codebook/ChIPSeq_2/RawData/Sample_Hughes_SI_343_1in10/Hughes_SI_343_1in10_GTTTCG_L004_R1_001.fastq.gz;/home_local/mihaialbu/Codebook/ChIPSeq_2/RawData/Sample_Hughes_SI_343_1in10/Hughes_SI_343_1in10_GTTTCG_L005_R1_001.fastq.gz	/home_local/ivanyev/egrid/dfs/ctrl-subsampled0.1/peaks-interval/macs2-nomodel/PEAKS990098.interval;/home_local/ivanyev/egrid/dfs/ctrl-subsampled0.1/peaks-interval/gem/PEAKS990098.interval;/home_local/ivanyev/egrid/dfs/ctrl-subsampled0.1/peaks-interval/sissrs/PEAKS990098.interval;/home_local/ivanyev/egrid/dfs/ctrl-subsampled0.1/peaks-interval/cpics/PEAKS990098.interval;	140	0,00970	NOT_PAIRED_END	0,00640	0,976301	1,040187	0,977272	44,540482	1,381444	2492	NOT_PAIRED_END	15 996 193	85,6
EXP990099	ZNF146	/home_local/mihaialbu/Codebook/ChIPSeq_2/RawData/Sample_Hughes_SI0410_ZNF146/Hughes_SI0410_ZNF146_GTCCGC_L006_R1_001.fastq.gz;/home_local/mihaialbu/Codebook/ChIPSeq_2/RawData/Sample_Hughes_SI0410_ZNF146/Hughes_SI0410_ZNF146_GTCCGC_L007_R1_001.fastq.gz	/home_local/ivanyev/egrid/dfs/ctrl-subsampled0.1/peaks-interval/macs2-nomodel/PEAKS990099.interval;/home_local/ivanyev/egrid/dfs/ctrl-subsampled0.1/peaks-interval/gem/PEAKS990099.interval;/home_local/ivanyev/egrid/dfs/ctrl-subsampled0.1/peaks-interval/sissrs/PEAKS990099.interval;/home_local/ivanyev/egrid/dfs/ctrl-subsampled0.1/peaks-interval/cpics/PEAKS990099.interval;	145	0,03046	NOT_PAIRED_END	0,01958	0,948031	1,080258	0,948397	19,355255	1,84212	20281	NOT_PAIRED_END	18 605 028	84,4
EXP990100	ZNF140	/home_local/mihaialbu/Codebook/ChIPSeq_2/RawData/Sample_Hughes_SI_340/Hughes_SI_340_GTCCGC_L004_R1_001.fastq.gz;/home_local/mihaialbu/Codebook/ChIPSeq_2/RawData/Sample_Hughes_SI_340/Hughes_SI_340_GTCCGC_L005_R1_001.fastq.gz	/home_local/ivanyev/egrid/dfs/ctrl-subsampled0.1/peaks-interval/macs2-nomodel/PEAKS990100.interval;/home_local/ivanyev/egrid/dfs/ctrl-subsampled0.1/peaks-interval/gem/PEAKS990100.interval;/home_local/ivanyev/egrid/dfs/ctrl-subsampled0.1/peaks-interval/sissrs/PEAKS990100.interval;/home_local/ivanyev/egrid/dfs/ctrl-subsampled0.1/peaks-interval/cpics/PEAKS990100.interval;	155	0,01130	NOT_PAIRED_END	0,00758	0,946351	1,052885	0,946658	18,733875	1,883911	5235	NOT_PAIRED_END	15 348 441	83,2
EXP990101	ZNF317	/home_local/mihaialbu/Codebook/ChIPSeq_2/RawData/Sample_Hughes_SI_336/Hughes_SI_336_AGTCAA_L004_R1_001.fastq.gz;/home_local/mihaialbu/Codebook/ChIPSeq_2/RawData/Sample_Hughes_SI_336/Hughes_SI_336_AGTCAA_L005_R1_001.fastq.gz	/home_local/ivanyev/egrid/dfs/ctrl-subsampled0.1/peaks-interval/macs2-nomodel/PEAKS990101.interval;/home_local/ivanyev/egrid/dfs/ctrl-subsampled0.1/peaks-interval/gem/PEAKS990101.interval;/home_local/ivanyev/egrid/dfs/ctrl-subsampled0.1/peaks-interval/sissrs/PEAKS990101.interval;/home_local/ivanyev/egrid/dfs/ctrl-subsampled0.1/peaks-interval/cpics/PEAKS990101.interval;	135	0,02655	NOT_PAIRED_END	0,01838	0,978347	1,083887	0,979574	49,985874	1,94203	14927	NOT_PAIRED_END	17 790 864	85,4
EXP990102	ZNF317	/home_local/mihaialbu/Codebook/ChIPSeq_2/RawData/Sample_Hughes_SI0581_ZNF317/Hughes_SI0581_ZNF317_GTGAAA_L002_R1_001.fastq.gz	/home_local/ivanyev/egrid/dfs/ctrl-subsampled0.1/peaks-interval/macs2-nomodel/PEAKS990102.interval;/home_local/ivanyev/egrid/dfs/ctrl-subsampled0.1/peaks-interval/gem/PEAKS990102.interval;/home_local/ivanyev/egrid/dfs/ctrl-subsampled0.1/peaks-interval/sissrs/PEAKS990102.interval;/home_local/ivanyev/egrid/dfs/ctrl-subsampled0.1/peaks-interval/cpics/PEAKS990102.interval;	145	0,11507	NOT_PAIRED_END	0,08251	0,880523	1,733897	0,880423	8,292913	2,055974	44549	NOT_PAIRED_END	12 959 107	81,6
